01,EWINIAR,2024,5,23,18,8.3,129.6,1004,0,2,Image,Chart,Warning
,,,,,,,,,,,,,
01,EWINIAR,2024,5,24,00,8.5,128.3,1006,0,2,Image,Chart,Warning
,,,,,,,,,,,,,
01,EWINIAR,2024,5,24,06,9.4,127.5,1004,0,2,Image,Chart,Warning
,,,,,,,,,,,,,
01,EWINIAR,2024,5,24,12,10.3,126.3,1006,0,2,Image,Chart,Warning
,,,,,,,,,,,,,
01,EWINIAR,2024,5,24,18,11.3,125.3,1004,0,2,Image,Chart,Warning
,,,,,,,,,,,,,
01,EWINIAR,2024,5,25,00,12.3,123.8,1006,0,2,Image,Chart,Warning
,,,,,,,,,,,,,
01,EWINIAR,2024,5,25,06,12.8,123.2,1004,0,2,Image,Chart,Warning
,,,,,,,,,,,,,
01,EWINIAR,2024,5,25,12,13.4,122.3,1002,35,3,Image,Chart,Warning
,,,,,,,,,,,,,
01,EWINIAR,2024,5,25,18,13.7,121.8,998,45,3,Image,Chart,Warning
,,,,,,,,,,,,,
01,EWINIAR,2024,5,26,00,14.1,121.4,994,50,4,Image,Chart,Warning
,,,,,,,,,,,,,
01,EWINIAR,2024,5,26,06,14.3,121.7,990,55,4,Image,Chart,Warning
,,,,,,,,,,,,,
01,EWINIAR,2024,5,26,12,14.9,122.2,980,65,5,Image,Chart,Warning
,,,,,,,,,,,,,
01,EWINIAR,2024,5,26,18,15.5,122.5,975,70,5,Image,Chart,Warning
,,,,,,,,,,,,,
01,EWINIAR,2024,5,27,00,15.8,122.8,970,75,5,Image,Chart,Warning
,,,,,,,,,,,,,
01,EWINIAR,2024,5,27,06,16.4,123.5,970,70,5,Image,Chart,Warning
,,,,,,,,,,,,,
01,EWINIAR,2024,5,27,12,17.2,123.9,970,70,5,Image,Chart,Warning
,,,,,,,,,,,,,
01,EWINIAR,2024,5,27,18,17.8,124.5,970,70,5,Image,Chart,Warning
,,,,,,,,,,,,,
01,EWINIAR,2024,5,28,00,18.5,125.5,975,65,5,Image,Chart,Warning
,,,,,,,,,,,,,
01,EWINIAR,2024,5,28,06,19.8,126.6,975,65,5,Image,Chart,Warning
,,,,,,,,,,,,,
01,EWINIAR,2024,5,28,12,21.1,128.2,975,65,5,Image,Chart,Warning
,,,,,,,,,,,,,
01,EWINIAR,2024,5,28,18,23,129.3,975,65,5,Image,Chart,Warning
,,,,,,,,,,,,,
01,EWINIAR,2024,5,29,00,24.3,130.9,980,60,4,Image,Chart,Warning
,,,,,,,,,,,,,
01,EWINIAR,2024,5,29,03,24.9,131.6,980,60,4,Image,Chart,Warning
,,,,,,,,,,,,,
01,EWINIAR,2024,5,29,06,25.6,132.2,980,60,4,Image,Chart,Warning
,,,,,,,,,,,,,
01,EWINIAR,2024,5,29,12,26.4,133.1,985,55,4,Image,Chart,Warning
,,,,,,,,,,,,,
01,EWINIAR,2024,5,29,18,27.5,134,990,50,4,Image,Chart,Warning
,,,,,,,,,,,,,
01,EWINIAR,2024,5,30,00,28,134.7,992,45,3,Image,Chart,Warning
,,,,,,,,,,,,,
01,EWINIAR,2024,5,30,06,28.9,135.9,996,40,3,Image,Chart,Warning
,,,,,,,,,,,,,
01,EWINIAR,2024,5,30,12,29.8,136.9,996,40,3,Image,Chart,Warning
,,,,,,,,,,,,,
01,EWINIAR,2024,5,30,18,31.4,137.7,998,0,6,Image,Chart,Warning
,,,,,,,,,,,,,
01,EWINIAR,2024,5,31,00,33,140.1,1000,0,6,Image,Chart,Warning
,,,,,,,,,,,,,
01,EWINIAR,2024,5,31,06,34.9,143.2,996,0,6,Image,Chart,Warning
,,,,,,,,,,,,,
01,EWINIAR,2024,5,31,12,36.5,146.8,994,0,6,Image,Chart,Warning
,,,,,,,,,,,,,
01,EWINIAR,2024,5,31,18,38,150.9,992,0,6,Image,Chart,Warning
,,,,,,,,,,,,,
01,EWINIAR,2024,6,1,00,39.1,155.1,992,0,6,Image,Chart,Warning
,,,,,,,,,,,,,
01,EWINIAR,2024,6,1,06,40.5,159.2,992,0,6,Image,Chart,Warning
,,,,,,,,,,,,,
01,EWINIAR,2024,6,1,12,41.5,162.9,992,0,6,Image,Chart,Warning
,,,,,,,,,,,,,
01,EWINIAR,2024,6,1,18,43,168.5,992,0,6,Image,Chart,Warning
,,,,,,,,,,,,,
01,EWINIAR,2024,6,2,00,44.6,174.3,992,0,6,Image,Chart,Warning
,,,,,,,,,,,,,
01,EWINIAR,2024,6,2,06,46.2,179.1,992,0,6,Image,Chart,Warning
,,,,,,,,,,,,,
01,EWINIAR,2024,6,2,12,47.9,184.9,988,0,6,Image,Chart,Warning
,,,,,,,,,,,,,
02,MALIKSI,2024,5,30,00,18,111.9,1002,0,2,Image,Chart,Warning
,,,,,,,,,,,,,
02,MALIKSI,2024,5,30,06,18.2,111.9,1000,0,2,Image,Chart,Warning
,,,,,,,,,,,,,
02,MALIKSI,2024,5,30,12,18.3,111.9,1000,0,2,Image,Chart,Warning
,,,,,,,,,,,,,
02,MALIKSI,2024,5,30,18,18.9,112.2,1000,0,2,Image,Chart,Warning
,,,,,,,,,,,,,
02,MALIKSI,2024,5,31,00,19.8,112.6,998,35,3,Image,Chart,Warning
,,,,,,,,,,,,,
02,MALIKSI,2024,5,31,06,20.3,111.9,998,35,3,Image,Chart,Warning
,,,,,,,,,,,,,
02,MALIKSI,2024,5,31,12,21.2,111.3,1000,0,2,Image,Chart,Warning
,,,,,,,,,,,,,
02,MALIKSI,2024,5,31,18,21.8,111.5,1000,0,2,Image,Chart,Warning
,,,,,,,,,,,,,
02,MALIKSI,2024,6,1,00,22.4,111.8,1004,0,2,Image,Chart,Warning
,,,,,,,,,,,,,
02,MALIKSI,2024,6,1,06,23.5,112.3,1004,0,2,Image,Chart,Warning
,,,,,,,,,,,,,
02,MALIKSI,2024,6,1,12,24,113.4,1004,0,2,Image,Chart,Warning
,,,,,,,,,,,,,
02,MALIKSI,2024,6,1,18,24.8,115.2,1006,0,2,Image,Chart,Warning
,,,,,,,,,,,,,
02,MALIKSI,2024,6,2,00,24.9,116.4,1006,0,6,Image,Chart,Warning
,,,,,,,,,,,,,
02,MALIKSI,2024,6,2,06,24.8,120,1004,0,6,Image,Chart,Warning
,,,,,,,,,,,,,
02,MALIKSI,2024,6,2,12,23.8,123.3,1004,0,6,Image,Chart,Warning
,,,,,,,,,,,,,
02,MALIKSI,2024,6,2,18,23.8,124.2,1002,0,6,Image,Chart,Warning
,,,,,,,,,,,,,
02,MALIKSI,2024,6,3,00,23.9,126.4,1004,0,6,Image,Chart,Warning
,,,,,,,,,,,,,
02,MALIKSI,2024,6,3,06,24,128.2,1002,0,6,Image,Chart,Warning
,,,,,,,,,,,,,
02,MALIKSI,2024,6,3,12,24.1,129.8,1002,0,6,Image,Chart,Warning
,,,,,,,,,,,,,
02,MALIKSI,2024,6,3,18,24.5,131.6,1002,0,6,Image,Chart,Warning
,,,,,,,,,,,,,
02,MALIKSI,2024,6,4,00,24.8,133.7,1004,0,6,Image,Chart,Warning
,,,,,,,,,,,,,
02,MALIKSI,2024,6,4,06,24.8,135.1,1004,0,6,Image,Chart,Warning
,,,,,,,,,,,,,
02,MALIKSI,2024,6,4,12,24.9,136.4,1006,0,6,Image,Chart,Warning
,,,,,,,,,,,,,
02,MALIKSI,2024,6,4,18,24.9,137.3,1008,0,6,Image,Chart,Warning
,,,,,,,,,,,,,
02,MALIKSI,2024,6,5,00,24.8,138,1010,0,6,Image,Chart,Warning
,,,,,,,,,,,,,
02,MALIKSI,2024,6,5,06,24.8,139,1010,0,6,Image,Chart,Warning
,,,,,,,,,,,,,
03,GAEMI,2024,7,19,00,11.4,133.1,1004,0,2,Image,Chart,Warning
,,,,,,,,,,,,,
03,GAEMI,2024,7,19,06,12.6,132.3,1004,0,2,Image,Chart,Warning
,,,,,,,,,,,,,
03,GAEMI,2024,7,19,12,14.1,131.3,1006,0,2,Image,Chart,Warning
,,,,,,,,,,,,,
03,GAEMI,2024,7,19,18,14.9,129.6,1004,0,2,Image,Chart,Warning
,,,,,,,,,,,,,
03,GAEMI,2024,7,20,00,15.5,128.5,1002,35,3,Image,Chart,Warning
,,,,,,,,,,,,,
03,GAEMI,2024,7,20,06,16.2,127.5,1000,40,3,Image,Chart,Warning
,,,,,,,,,,,,,
03,GAEMI,2024,7,20,12,16.3,126.8,998,40,3,Image,Chart,Warning
,,,,,,,,,,,,,
03,GAEMI,2024,7,20,18,16.3,126.2,998,40,3,Image,Chart,Warning
,,,,,,,,,,,,,
03,GAEMI,2024,7,21,00,16.4,125.7,994,45,3,Image,Chart,Warning
,,,,,,,,,,,,,
03,GAEMI,2024,7,21,06,16.4,125.6,992,50,4,Image,Chart,Warning
,,,,,,,,,,,,,
03,GAEMI,2024,7,21,12,16.5,125.5,992,50,4,Image,Chart,Warning
,,,,,,,,,,,,,
03,GAEMI,2024,7,21,18,16.8,125.5,985,60,4,Image,Chart,Warning
,,,,,,,,,,,,,
03,GAEMI,2024,7,22,00,17.2,125.5,980,65,5,Image,Chart,Warning
,,,,,,,,,,,,,
03,GAEMI,2024,7,22,06,17.7,125.5,980,65,5,Image,Chart,Warning
,,,,,,,,,,,,,
03,GAEMI,2024,7,22,12,18.2,125.4,980,65,5,Image,Chart,Warning
,,,,,,,,,,,,,
03,GAEMI,2024,7,22,18,18.7,125.2,975,70,5,Image,Chart,Warning
,,,,,,,,,,,,,
03,GAEMI,2024,7,23,00,19.5,125.1,970,75,5,Image,Chart,Warning
,,,,,,,,,,,,,
03,GAEMI,2024,7,23,06,20.7,125,970,75,5,Image,Chart,Warning
,,,,,,,,,,,,,
03,GAEMI,2024,7,23,12,22,124.5,965,75,5,Image,Chart,Warning
,,,,,,,,,,,,,
03,GAEMI,2024,7,23,15,22.6,123.9,955,80,5,Image,Chart,Warning
,,,,,,,,,,,,,
03,GAEMI,2024,7,23,18,22.8,123.5,950,85,5,Image,Chart,Warning
,,,,,,,,,,,,,
03,GAEMI,2024,7,23,21,23.1,123.4,945,85,5,Image,Chart,Warning
,,,,,,,,,,,,,
03,GAEMI,2024,7,24,00,23.6,123.2,945,85,5,Image,Chart,Warning
,,,,,,,,,,,,,
03,GAEMI,2024,7,24,03,23.9,122.9,935,90,5,Image,Chart,Warning
,,,,,,,,,,,,,
03,GAEMI,2024,7,24,06,24.2,122.5,935,90,5,Image,Chart,Warning
,,,,,,,,,,,,,
03,GAEMI,2024,7,24,09,24.1,121.9,950,75,5,Image,Chart,Warning
,,,,,,,,,,,,,
03,GAEMI,2024,7,24,12,23.5,121.6,960,65,5,Image,Chart,Warning
,,,,,,,,,,,,,
03,GAEMI,2024,7,24,15,24.1,121.8,970,60,4,Image,Chart,Warning
,,,,,,,,,,,,,
03,GAEMI,2024,7,24,18,24.8,121.4,970,60,4,Image,Chart,Warning
,,,,,,,,,,,,,
03,GAEMI,2024,7,25,00,25.1,120.3,970,60,4,Image,Chart,Warning
,,,,,,,,,,,,,
03,GAEMI,2024,7,25,06,25.2,119.7,975,55,4,Image,Chart,Warning
,,,,,,,,,,,,,
03,GAEMI,2024,7,25,12,25.4,119.2,980,50,4,Image,Chart,Warning
,,,,,,,,,,,,,
03,GAEMI,2024,7,25,18,25.7,118.9,980,45,3,Image,Chart,Warning
,,,,,,,,,,,,,
03,GAEMI,2024,7,26,00,26.4,118.3,985,40,3,Image,Chart,Warning
,,,,,,,,,,,,,
03,GAEMI,2024,7,26,06,27.5,117.7,988,35,3,Image,Chart,Warning
,,,,,,,,,,,,,
03,GAEMI,2024,7,26,12,27.9,116.8,990,35,3,Image,Chart,Warning
,,,,,,,,,,,,,
03,GAEMI,2024,7,26,18,27.9,115.9,992,0,2,Image,Chart,Warning
,,,,,,,,,,,,,
03,GAEMI,2024,7,27,00,28.4,115.2,996,0,2,Image,Chart,Warning
,,,,,,,,,,,,,
03,GAEMI,2024,7,27,06,28.6,114.7,996,0,2,Image,Chart,Warning
,,,,,,,,,,,,,
03,GAEMI,2024,7,27,12,29.1,114,998,0,2,Image,Chart,Warning
,,,,,,,,,,,,,
03,GAEMI,2024,7,27,18,29.6,113.6,998,0,2,Image,Chart,Warning
,,,,,,,,,,,,,
03,GAEMI,2024,7,28,00,29.9,112.6,1000,0,2,Image,Chart,Warning
,,,,,,,,,,,,,
03,GAEMI,2024,7,28,06,29.5,110.9,998,0,2,Image,Chart,Warning
,,,,,,,,,,,,,
03,GAEMI,2024,7,28,12,29.8,109.5,998,0,2,Image,Chart,Warning
,,,,,,,,,,,,,
03,GAEMI,2024,7,28,18,30.2,108.7,998,0,2,Image,Chart,Warning
,,,,,,,,,,,,,
04,PRAPIROON,2024,7,20,00,14.6,115.6,1002,0,2,Image,Chart,Warning
,,,,,,,,,,,,,
04,PRAPIROON,2024,7,20,06,15.3,115.1,1002,0,2,Image,Chart,Warning
,,,,,,,,,,,,,
04,PRAPIROON,2024,7,20,12,15.7,113.6,1002,0,2,Image,Chart,Warning
,,,,,,,,,,,,,
04,PRAPIROON,2024,7,20,18,16.1,112.1,1000,0,2,Image,Chart,Warning
,,,,,,,,,,,,,
04,PRAPIROON,2024,7,21,00,16,111.3,998,35,3,Image,Chart,Warning
,,,,,,,,,,,,,
04,PRAPIROON,2024,7,21,06,16.6,111.1,998,35,3,Image,Chart,Warning
,,,,,,,,,,,,,
04,PRAPIROON,2024,7,21,12,17.5,110.6,996,40,3,Image,Chart,Warning
,,,,,,,,,,,,,
04,PRAPIROON,2024,7,21,18,18.6,110.2,992,45,3,Image,Chart,Warning
,,,,,,,,,,,,,
04,PRAPIROON,2024,7,22,00,19.5,109.2,990,50,4,Image,Chart,Warning
,,,,,,,,,,,,,
04,PRAPIROON,2024,7,22,06,20.1,108.5,985,55,4,Image,Chart,Warning
,,,,,,,,,,,,,
04,PRAPIROON,2024,7,22,12,20.5,108.1,985,55,4,Image,Chart,Warning
,,,,,,,,,,,,,
04,PRAPIROON,2024,7,22,18,21.1,107.8,985,55,4,Image,Chart,Warning
,,,,,,,,,,,,,
04,PRAPIROON,2024,7,23,00,21.5,107.5,990,45,3,Image,Chart,Warning
,,,,,,,,,,,,,
04,PRAPIROON,2024,7,23,06,21.6,107.6,992,35,3,Image,Chart,Warning
,,,,,,,,,,,,,
04,PRAPIROON,2024,7,23,12,21.5,106.7,994,0,2,Image,Chart,Warning
,,,,,,,,,,,,,
04,PRAPIROON,2024,7,23,18,21.5,106.4,994,0,2,Image,Chart,Warning
,,,,,,,,,,,,,
04,PRAPIROON,2024,7,24,00,21.6,106.5,994,0,2,Image,Chart,Warning
,,,,,,,,,,,,,
04,PRAPIROON,2024,7,24,06,21.7,106.6,994,0,2,Image,Chart,Warning
,,,,,,,,,,,,,
04,PRAPIROON,2024,7,24,12,21.7,106.6,994,0,2,Image,Chart,Warning
,,,,,,,,,,,,,
04,PRAPIROON,2024,7,24,18,20.8,107.4,994,0,2,Image,Chart,Warning
,,,,,,,,,,,,,
05,MARIA,2024,8,5,06,24,140.8,1004,0,2,Image,Chart,Warning
,,,,,,,,,,,,,
05,MARIA,2024,8,5,12,24.1,140.3,1004,0,2,Image,Chart,Warning
,,,,,,,,,,,,,
05,MARIA,2024,8,5,18,24.4,140.1,1002,0,2,Image,Chart,Warning
,,,,,,,,,,,,,
05,MARIA,2024,8,6,00,25,140.2,1004,0,2,Image,Chart,Warning
,,,,,,,,,,,,,
05,MARIA,2024,8,6,06,25.5,140.3,1002,0,2,Image,Chart,Warning
,,,,,,,,,,,,,
05,MARIA,2024,8,6,12,26,140.8,1000,0,2,Image,Chart,Warning
,,,,,,,,,,,,,
05,MARIA,2024,8,6,18,26.1,141.1,998,0,2,Image,Chart,Warning
,,,,,,,,,,,,,
05,MARIA,2024,8,7,00,26.1,141.2,998,0,2,Image,Chart,Warning
,,,,,,,,,,,,,
05,MARIA,2024,8,7,06,25.8,141.4,998,0,2,Image,Chart,Warning
,,,,,,,,,,,,,
05,MARIA,2024,8,7,12,25.6,142.2,998,0,2,Image,Chart,Warning
,,,,,,,,,,,,,
05,MARIA,2024,8,7,18,25.7,142.7,996,35,3,Image,Chart,Warning
,,,,,,,,,,,,,
05,MARIA,2024,8,8,00,26.6,144,994,40,3,Image,Chart,Warning
,,,,,,,,,,,,,
05,MARIA,2024,8,8,06,27.6,144.7,990,45,3,Image,Chart,Warning
,,,,,,,,,,,,,
05,MARIA,2024,8,8,12,28.7,145.3,985,50,4,Image,Chart,Warning
,,,,,,,,,,,,,
05,MARIA,2024,8,8,18,29.8,145.6,980,55,4,Image,Chart,Warning
,,,,,,,,,,,,,
05,MARIA,2024,8,9,00,30.8,146,980,55,4,Image,Chart,Warning
,,,,,,,,,,,,,
05,MARIA,2024,8,9,06,32.4,146,980,55,4,Image,Chart,Warning
,,,,,,,,,,,,,
05,MARIA,2024,8,9,12,33.3,145.9,980,55,4,Image,Chart,Warning
,,,,,,,,,,,,,
05,MARIA,2024,8,9,18,34.2,146,980,55,4,Image,Chart,Warning
,,,,,,,,,,,,,
05,MARIA,2024,8,10,00,35,146,985,45,3,Image,Chart,Warning
,,,,,,,,,,,,,
05,MARIA,2024,8,10,06,36,145.5,985,45,3,Image,Chart,Warning
,,,,,,,,,,,,,
05,MARIA,2024,8,10,12,36.5,145.2,980,50,4,Image,Chart,Warning
,,,,,,,,,,,,,
05,MARIA,2024,8,10,18,36.9,145,980,50,4,Image,Chart,Warning
,,,,,,,,,,,,,
05,MARIA,2024,8,11,00,37.6,144.4,980,50,4,Image,Chart,Warning
,,,,,,,,,,,,,
05,MARIA,2024,8,11,06,37.7,143.9,980,50,4,Image,Chart,Warning
,,,,,,,,,,,,,
05,MARIA,2024,8,11,09,37.8,143.6,980,50,4,Image,Chart,Warning
,,,,,,,,,,,,,
05,MARIA,2024,8,11,12,37.9,143.4,980,50,4,Image,Chart,Warning
,,,,,,,,,,,,,
05,MARIA,2024,8,11,15,38,143,980,50,4,Image,Chart,Warning
,,,,,,,,,,,,,
05,MARIA,2024,8,11,18,38.3,142.6,980,50,4,Image,Chart,Warning
,,,,,,,,,,,,,
05,MARIA,2024,8,11,21,38.7,142.1,985,50,4,Image,Chart,Warning
,,,,,,,,,,,,,
05,MARIA,2024,8,11,23,38.9,141.8,985,50,4,Image,Chart,Warning
,,,,,,,,,,,,,
05,MARIA,2024,8,12,00,39,141.7,992,45,3,Image,Chart,Warning
,,,,,,,,,,,,,
05,MARIA,2024,8,12,03,39.3,141.2,994,40,3,Image,Chart,Warning
,,,,,,,,,,,,,
05,MARIA,2024,8,12,06,39.9,140.5,998,0,2,Image,Chart,Warning
,,,,,,,,,,,,,
05,MARIA,2024,8,12,12,40.4,139.8,1002,0,2,Image,Chart,Warning
,,,,,,,,,,,,,
05,MARIA,2024,8,12,18,41.1,139.4,1002,0,2,Image,Chart,Warning
,,,,,,,,,,,,,
05,MARIA,2024,8,13,00,41.4,139,1004,0,2,Image,Chart,Warning
,,,,,,,,,,,,,
05,MARIA,2024,8,13,06,42.3,139,1004,0,2,Image,Chart,Warning
,,,,,,,,,,,,,
05,MARIA,2024,8,13,12,42.2,139,1006,0,2,Image,Chart,Warning
,,,,,,,,,,,,,
05,MARIA,2024,8,13,18,42.2,139,1006,0,2,Image,Chart,Warning
,,,,,,,,,,,,,
05,MARIA,2024,8,14,00,41.4,139.4,1006,0,2,Image,Chart,Warning
,,,,,,,,,,,,,
05,MARIA,2024,8,14,06,41.2,140.2,1006,0,2,Image,Chart,Warning
,,,,,,,,,,,,,
05,MARIA,2024,8,14,12,41.6,141.5,1006,0,2,Image,Chart,Warning
,,,,,,,,,,,,,
06,SON-TINH,2024,8,10,12,26.5,154.1,1000,0,2,Image,Chart,Warning
,,,,,,,,,,,,,
06,SON-TINH,2024,8,10,18,26.8,155,998,0,2,Image,Chart,Warning
,,,,,,,,,,,,,
06,SON-TINH,2024,8,11,00,27.4,155.1,996,35,3,Image,Chart,Warning
,,,,,,,,,,,,,
06,SON-TINH,2024,8,11,06,27.8,155,996,35,3,Image,Chart,Warning
,,,,,,,,,,,,,
06,SON-TINH,2024,8,11,12,28.8,154.5,994,40,3,Image,Chart,Warning
,,,,,,,,,,,,,
06,SON-TINH,2024,8,11,18,30.2,154.4,996,35,3,Image,Chart,Warning
,,,,,,,,,,,,,
06,SON-TINH,2024,8,12,00,31.5,152.5,998,35,3,Image,Chart,Warning
,,,,,,,,,,,,,
06,SON-TINH,2024,8,12,06,32.3,151.5,998,35,3,Image,Chart,Warning
,,,,,,,,,,,,,
06,SON-TINH,2024,8,12,12,32.9,150.5,998,35,3,Image,Chart,Warning
,,,,,,,,,,,,,
06,SON-TINH,2024,8,12,18,34.2,149.2,998,35,3,Image,Chart,Warning
,,,,,,,,,,,,,
06,SON-TINH,2024,8,13,00,35.2,147.8,1000,35,3,Image,Chart,Warning
,,,,,,,,,,,,,
06,SON-TINH,2024,8,13,06,36.1,146.7,1000,35,3,Image,Chart,Warning
,,,,,,,,,,,,,
06,SON-TINH,2024,8,13,12,37,146,1004,0,2,Image,Chart,Warning
,,,,,,,,,,,,,
06,SON-TINH,2024,8,13,18,38.7,145.6,1006,0,2,Image,Chart,Warning
,,,,,,,,,,,,,
06,SON-TINH,2024,8,14,00,39.8,145.7,1006,0,2,Image,Chart,Warning
,,,,,,,,,,,,,
06,SON-TINH,2024,8,14,06,41.7,146.5,1006,0,2,Image,Chart,Warning
,,,,,,,,,,,,,
06,SON-TINH,2024,8,14,12,43.4,148,1004,0,2,Image,Chart,Warning
,,,,,,,,,,,,,
06,SON-TINH,2024,8,14,18,44.6,150.4,1004,0,2,Image,Chart,Warning
,,,,,,,,,,,,,
06,SON-TINH,2024,8,15,00,47.3,154.7,1002,0,6,Image,Chart,Warning
,,,,,,,,,,,,,
06,SON-TINH,2024,8,15,06,47.5,157.7,1000,0,6,Image,Chart,Warning
,,,,,,,,,,,,,
06,SON-TINH,2024,8,15,12,47.6,161,996,0,6,Image,Chart,Warning
,,,,,,,,,,,,,
06,SON-TINH,2024,8,15,18,47,164.4,992,0,6,Image,Chart,Warning
,,,,,,,,,,,,,
06,SON-TINH,2024,8,16,00,45.7,168.4,990,0,6,Image,Chart,Warning
,,,,,,,,,,,,,
06,SON-TINH,2024,8,16,06,45.8,173.1,988,0,6,Image,Chart,Warning
,,,,,,,,,,,,,
06,SON-TINH,2024,8,16,12,47.8,176.3,986,0,6,Image,Chart,Warning
,,,,,,,,,,,,,
06,SON-TINH,2024,8,16,18,50.9,179,984,0,6,Image,Chart,Warning
,,,,,,,,,,,,,
06,SON-TINH,2024,8,17,00,53.6,180.9,978,0,6,Image,Chart,Warning
,,,,,,,,,,,,,
07,AMPIL,2024,8,11,12,21.7,134.9,1002,0,2,Image,Chart,Warning
,,,,,,,,,,,,,
07,AMPIL,2024,8,11,18,22,135.4,1000,0,2,Image,Chart,Warning
,,,,,,,,,,,,,
07,AMPIL,2024,8,12,00,22.4,135.8,1000,0,2,Image,Chart,Warning
,,,,,,,,,,,,,
07,AMPIL,2024,8,12,06,22.7,136.1,998,0,2,Image,Chart,Warning
,,,,,,,,,,,,,
07,AMPIL,2024,8,12,12,23.1,136.6,996,35,3,Image,Chart,Warning
,,,,,,,,,,,,,
07,AMPIL,2024,8,12,18,23.6,137.1,996,35,3,Image,Chart,Warning
,,,,,,,,,,,,,
07,AMPIL,2024,8,13,00,24.2,137.9,994,40,3,Image,Chart,Warning
,,,,,,,,,,,,,
07,AMPIL,2024,8,13,06,24.7,138.7,990,45,3,Image,Chart,Warning
,,,,,,,,,,,,,
07,AMPIL,2024,8,13,12,25.3,139,985,55,4,Image,Chart,Warning
,,,,,,,,,,,,,
07,AMPIL,2024,8,13,18,25.5,139.4,975,60,4,Image,Chart,Warning
,,,,,,,,,,,,,
07,AMPIL,2024,8,14,00,26.1,140.3,975,60,4,Image,Chart,Warning
,,,,,,,,,,,,,
07,AMPIL,2024,8,14,06,26.8,140.9,975,60,4,Image,Chart,Warning
,,,,,,,,,,,,,
07,AMPIL,2024,8,14,12,27.5,141.3,975,60,4,Image,Chart,Warning
,,,,,,,,,,,,,
07,AMPIL,2024,8,14,18,28.5,141.3,975,60,4,Image,Chart,Warning
,,,,,,,,,,,,,
07,AMPIL,2024,8,15,00,29.5,141.2,970,65,5,Image,Chart,Warning
,,,,,,,,,,,,,
07,AMPIL,2024,8,15,06,30.6,141.1,965,70,5,Image,Chart,Warning
,,,,,,,,,,,,,
07,AMPIL,2024,8,15,09,31.1,141,955,80,5,Image,Chart,Warning
,,,,,,,,,,,,,
07,AMPIL,2024,8,15,12,31.6,140.8,950,85,5,Image,Chart,Warning
,,,,,,,,,,,,,
07,AMPIL,2024,8,15,15,32,140.8,950,85,5,Image,Chart,Warning
,,,,,,,,,,,,,
07,AMPIL,2024,8,15,18,32.6,140.8,950,85,5,Image,Chart,Warning
,,,,,,,,,,,,,
07,AMPIL,2024,8,15,21,33.2,140.9,950,85,5,Image,Chart,Warning
,,,,,,,,,,,,,
07,AMPIL,2024,8,16,00,33.5,140.7,950,85,5,Image,Chart,Warning
,,,,,,,,,,,,,
07,AMPIL,2024,8,16,03,33.8,140.8,950,85,5,Image,Chart,Warning
,,,,,,,,,,,,,
07,AMPIL,2024,8,16,06,34.1,141.1,950,85,5,Image,Chart,Warning
,,,,,,,,,,,,,
07,AMPIL,2024,8,16,09,34.5,141.7,950,85,5,Image,Chart,Warning
,,,,,,,,,,,,,
07,AMPIL,2024,8,16,12,35,142,950,85,5,Image,Chart,Warning
,,,,,,,,,,,,,
07,AMPIL,2024,8,16,15,35.5,142.3,950,85,5,Image,Chart,Warning
,,,,,,,,,,,,,
07,AMPIL,2024,8,16,18,35.9,142.9,950,85,5,Image,Chart,Warning
,,,,,,,,,,,,,
07,AMPIL,2024,8,17,00,36.6,143.8,950,85,5,Image,Chart,Warning
,,,,,,,,,,,,,
07,AMPIL,2024,8,17,06,37.3,145.6,955,70,5,Image,Chart,Warning
,,,,,,,,,,,,,
07,AMPIL,2024,8,17,12,37.3,148.2,960,65,5,Image,Chart,Warning
,,,,,,,,,,,,,
07,AMPIL,2024,8,17,18,38.3,150.1,965,60,4,Image,Chart,Warning
,,,,,,,,,,,,,
07,AMPIL,2024,8,18,00,39.5,152.8,970,55,4,Image,Chart,Warning
,,,,,,,,,,,,,
07,AMPIL,2024,8,18,06,40.5,155.3,970,55,4,Image,Chart,Warning
,,,,,,,,,,,,,
07,AMPIL,2024,8,18,12,41.8,158,975,50,4,Image,Chart,Warning
,,,,,,,,,,,,,
07,AMPIL,2024,8,18,18,43.1,160.7,975,50,4,Image,Chart,Warning
,,,,,,,,,,,,,
07,AMPIL,2024,8,19,00,44.2,162.5,976,0,6,Image,Chart,Warning
,,,,,,,,,,,,,
07,AMPIL,2024,8,19,06,46.1,164.8,976,0,6,Image,Chart,Warning
,,,,,,,,,,,,,
07,AMPIL,2024,8,19,12,47.9,167.8,976,0,6,Image,Chart,Warning
,,,,,,,,,,,,,
07,AMPIL,2024,8,19,18,50.7,170.4,972,0,6,Image,Chart,Warning
,,,,,,,,,,,,,
07,AMPIL,2024,8,20,00,53.9,170.6,964,0,6,Image,Chart,Warning
,,,,,,,,,,,,,
07,AMPIL,2024,8,20,06,55.5,170.5,960,0,6,Image,Chart,Warning
,,,,,,,,,,,,,
07,AMPIL,2024,8,20,12,56.9,171.4,962,0,6,Image,Chart,Warning
,,,,,,,,,,,,,
07,AMPIL,2024,8,20,18,57.8,172.3,968,0,6,Image,Chart,Warning
,,,,,,,,,,,,,
07,AMPIL,2024,8,21,00,59.1,174.8,968,0,6,Image,Chart,Warning
,,,,,,,,,,,,,
07,AMPIL,2024,8,21,06,60.4,178.1,972,0,6,Image,Chart,Warning
,,,,,,,,,,,,,
08,WUKONG,2024,8,11,18,23.9,146.7,1002,0,2,Image,Chart,Warning
,,,,,,,,,,,,,
08,WUKONG,2024,8,12,00,24.5,147.9,1004,0,2,Image,Chart,Warning
,,,,,,,,,,,,,
08,WUKONG,2024,8,12,06,25.4,148.6,1004,0,2,Image,Chart,Warning
,,,,,,,,,,,,,
08,WUKONG,2024,8,12,12,25.9,149.4,1006,0,2,Image,Chart,Warning
,,,,,,,,,,,,,
08,WUKONG,2024,8,12,18,26.2,149.8,1004,0,2,Image,Chart,Warning
,,,,,,,,,,,,,
08,WUKONG,2024,8,13,00,26.4,150.1,1002,35,3,Image,Chart,Warning
,,,,,,,,,,,,,
08,WUKONG,2024,8,13,06,26.5,150.4,1002,35,3,Image,Chart,Warning
,,,,,,,,,,,,,
08,WUKONG,2024,8,13,12,27.2,150.5,1004,35,3,Image,Chart,Warning
,,,,,,,,,,,,,
08,WUKONG,2024,8,13,18,28.3,149.8,1002,35,3,Image,Chart,Warning
,,,,,,,,,,,,,
08,WUKONG,2024,8,14,00,29.2,149.2,1002,35,3,Image,Chart,Warning
,,,,,,,,,,,,,
08,WUKONG,2024,8,14,06,30.6,147.9,1002,35,3,Image,Chart,Warning
,,,,,,,,,,,,,
08,WUKONG,2024,8,14,12,31.8,147.2,1006,0,2,Image,Chart,Warning
,,,,,,,,,,,,,
08,WUKONG,2024,8,14,18,34.2,146.6,1006,0,2,Image,Chart,Warning
,,,,,,,,,,,,,
08,WUKONG,2024,8,15,00,35.8,146.3,1008,0,2,Image,Chart,Warning
,,,,,,,,,,,,,
08,WUKONG,2024,8,15,06,37.2,147.2,1008,0,2,Image,Chart,Warning
,,,,,,,,,,,,,
08,WUKONG,2024,8,15,12,38.9,148.2,1008,0,2,Image,Chart,Warning
,,,,,,,,,,,,,
08,WUKONG,2024,8,15,18,40.2,150.5,1008,0,2,Image,Chart,Warning
,,,,,,,,,,,,,
08,WUKONG,2024,8,16,00,39.9,152.7,1008,0,2,Image,Chart,Warning
,,,,,,,,,,,,,
08,WUKONG,2024,8,16,06,39.5,156.5,1008,0,2,Image,Chart,Warning
,,,,,,,,,,,,,
08,WUKONG,2024,8,16,12,39.4,160.5,1006,0,6,Image,Chart,Warning
,,,,,,,,,,,,,
08,WUKONG,2024,8,16,18,39.3,163.7,1006,0,6,Image,Chart,Warning
,,,,,,,,,,,,,
08,WUKONG,2024,8,17,00,39.2,166.9,1004,0,6,Image,Chart,Warning
,,,,,,,,,,,,,
08,WUKONG,2024,8,17,06,39.1,169.7,1004,0,6,Image,Chart,Warning
,,,,,,,,,,,,,
08,WUKONG,2024,8,17,12,38.9,172.5,1004,0,6,Image,Chart,Warning
,,,,,,,,,,,,,
08,WUKONG,2024,8,17,18,39,175,1004,0,6,Image,Chart,Warning
,,,,,,,,,,,,,
08,WUKONG,2024,8,18,00,39.3,176.4,1004,0,6,Image,Chart,Warning
,,,,,,,,,,,,,
08,WUKONG,2024,8,18,06,39.1,177.7,1006,0,6,Image,Chart,Warning
,,,,,,,,,,,,,
08,WUKONG,2024,8,18,12,39,178.9,1008,0,6,Image,Chart,Warning
,,,,,,,,,,,,,
08,WUKONG,2024,8,18,18,39.4,179.6,1008,0,6,Image,Chart,Warning
,,,,,,,,,,,,,
08,WUKONG,2024,8,19,00,39.5,179.8,1010,0,6,Image,Chart,Warning
,,,,,,,,,,,,,
08,WUKONG,2024,8,19,06,39.7,180.1,1010,0,6,Image,Chart,Warning
,,,,,,,,,,,,,
09,JONGDARI,2024,8,18,00,23.5,126.8,1004,0,2,Image,Chart,Warning
,,,,,,,,,,,,,
09,JONGDARI,2024,8,18,06,23.8,126.5,1000,0,2,Image,Chart,Warning
,,,,,,,,,,,,,
09,JONGDARI,2024,8,18,12,24.1,126.4,998,35,3,Image,Chart,Warning
,,,,,,,,,,,,,
09,JONGDARI,2024,8,18,18,24.6,126.2,998,35,3,Image,Chart,Warning
,,,,,,,,,,,,,
09,JONGDARI,2024,8,19,00,25.2,126.2,998,35,3,Image,Chart,Warning
,,,,,,,,,,,,,
09,JONGDARI,2024,8,19,06,26.3,126,996,40,3,Image,Chart,Warning
,,,,,,,,,,,,,
09,JONGDARI,2024,8,19,12,27.6,125.9,996,40,3,Image,Chart,Warning
,,,,,,,,,,,,,
09,JONGDARI,2024,8,19,18,29.4,125.6,996,40,3,Image,Chart,Warning
,,,,,,,,,,,,,
09,JONGDARI,2024,8,20,00,31,125.8,998,40,3,Image,Chart,Warning
,,,,,,,,,,,,,
09,JONGDARI,2024,8,20,06,32.6,125.4,998,35,3,Image,Chart,Warning
,,,,,,,,,,,,,
09,JONGDARI,2024,8,20,12,34,126,1002,35,3,Image,Chart,Warning
,,,,,,,,,,,,,
09,JONGDARI,2024,8,20,18,36.6,125.4,1004,35,3,Image,Chart,Warning
,,,,,,,,,,,,,
09,JONGDARI,2024,8,21,00,37.7,126.1,1006,0,2,Image,Chart,Warning
,,,,,,,,,,,,,
09,JONGDARI,2024,8,21,06,39,127.9,1006,0,2,Image,Chart,Warning
,,,,,,,,,,,,,
09,JONGDARI,2024,8,21,12,40.2,130.3,1006,0,2,Image,Chart,Warning
,,,,,,,,,,,,,
09,JONGDARI,2024,8,21,18,42.3,132.1,1004,0,2,Image,Chart,Warning
,,,,,,,,,,,,,
09,JONGDARI,2024,8,22,00,42.1,133.7,1002,0,6,Image,Chart,Warning
,,,,,,,,,,,,,
09,JONGDARI,2024,8,22,06,43.6,136,1000,0,6,Image,Chart,Warning
,,,,,,,,,,,,,
09,JONGDARI,2024,8,22,12,44.7,138.3,1000,0,6,Image,Chart,Warning
,,,,,,,,,,,,,
10,SHANSHAN,2024,8,20,06,14.8,147.7,1008,0,2,Image,Chart,Warning
,,,,,,,,,,,,,
10,SHANSHAN,2024,8,20,12,15.2,146.3,1010,0,2,Image,Chart,Warning
,,,,,,,,,,,,,
10,SHANSHAN,2024,8,20,18,15.6,145.1,1008,0,2,Image,Chart,Warning
,,,,,,,,,,,,,
10,SHANSHAN,2024,8,21,00,16,144,1008,0,2,Image,Chart,Warning
,,,,,,,,,,,,,
10,SHANSHAN,2024,8,21,06,16.5,143.4,1008,0,2,Image,Chart,Warning
,,,,,,,,,,,,,
10,SHANSHAN,2024,8,21,12,16.6,142.9,1006,0,2,Image,Chart,Warning
,,,,,,,,,,,,,
10,SHANSHAN,2024,8,21,18,16.6,142.2,1002,35,3,Image,Chart,Warning
,,,,,,,,,,,,,
10,SHANSHAN,2024,8,22,00,16.7,141.7,1000,40,3,Image,Chart,Warning
,,,,,,,,,,,,,
10,SHANSHAN,2024,8,22,06,16.6,141.6,998,45,3,Image,Chart,Warning
,,,,,,,,,,,,,
10,SHANSHAN,2024,8,22,12,16.6,141.6,990,55,4,Image,Chart,Warning
,,,,,,,,,,,,,
10,SHANSHAN,2024,8,22,18,16.6,141.4,985,60,4,Image,Chart,Warning
,,,,,,,,,,,,,
10,SHANSHAN,2024,8,23,00,17.4,141.5,985,60,4,Image,Chart,Warning
,,,,,,,,,,,,,
10,SHANSHAN,2024,8,23,06,17.8,141.4,985,60,4,Image,Chart,Warning
,,,,,,,,,,,,,
10,SHANSHAN,2024,8,23,12,18.1,141.4,985,60,4,Image,Chart,Warning
,,,,,,,,,,,,,
10,SHANSHAN,2024,8,23,18,18.7,141.3,985,60,4,Image,Chart,Warning
,,,,,,,,,,,,,
10,SHANSHAN,2024,8,24,00,20,141.3,980,65,5,Image,Chart,Warning
,,,,,,,,,,,,,
10,SHANSHAN,2024,8,24,06,21.7,141,980,65,5,Image,Chart,Warning
,,,,,,,,,,,,,
10,SHANSHAN,2024,8,24,12,22.3,140.8,980,65,5,Image,Chart,Warning
,,,,,,,,,,,,,
10,SHANSHAN,2024,8,24,18,23.6,140.2,980,65,5,Image,Chart,Warning
,,,,,,,,,,,,,
10,SHANSHAN,2024,8,25,00,24.6,139,980,65,5,Image,Chart,Warning
,,,,,,,,,,,,,
10,SHANSHAN,2024,8,25,06,25.7,137.6,980,65,5,Image,Chart,Warning
,,,,,,,,,,,,,
10,SHANSHAN,2024,8,25,12,26.3,136.3,980,65,5,Image,Chart,Warning
,,,,,,,,,,,,,
10,SHANSHAN,2024,8,25,18,26.8,135,980,65,5,Image,Chart,Warning
,,,,,,,,,,,,,
10,SHANSHAN,2024,8,26,00,27.2,133.8,980,65,5,Image,Chart,Warning
,,,,,,,,,,,,,
10,SHANSHAN,2024,8,26,06,27.5,132.8,980,65,5,Image,Chart,Warning
,,,,,,,,,,,,,
10,SHANSHAN,2024,8,26,12,27.7,132,980,65,5,Image,Chart,Warning
,,,,,,,,,,,,,
10,SHANSHAN,2024,8,26,15,27.8,131.6,975,70,5,Image,Chart,Warning
,,,,,,,,,,,,,
10,SHANSHAN,2024,8,26,18,28,131.2,970,75,5,Image,Chart,Warning
,,,,,,,,,,,,,
10,SHANSHAN,2024,8,26,21,28.1,131,960,80,5,Image,Chart,Warning
,,,,,,,,,,,,,
10,SHANSHAN,2024,8,27,00,28.2,130.8,950,85,5,Image,Chart,Warning
,,,,,,,,,,,,,
10,SHANSHAN,2024,8,27,03,28.3,130.6,950,85,5,Image,Chart,Warning
,,,,,,,,,,,,,
10,SHANSHAN,2024,8,27,06,28.5,130.4,950,85,5,Image,Chart,Warning
,,,,,,,,,,,,,
10,SHANSHAN,2024,8,27,09,28.6,130.3,950,85,5,Image,Chart,Warning
,,,,,,,,,,,,,
10,SHANSHAN,2024,8,27,12,28.6,130.3,940,90,5,Image,Chart,Warning
,,,,,,,,,,,,,
10,SHANSHAN,2024,8,27,15,28.8,130.3,935,95,5,Image,Chart,Warning
,,,,,,,,,,,,,
10,SHANSHAN,2024,8,27,18,29,130.1,935,95,5,Image,Chart,Warning
,,,,,,,,,,,,,
10,SHANSHAN,2024,8,27,21,29,130,935,95,5,Image,Chart,Warning
,,,,,,,,,,,,,
10,SHANSHAN,2024,8,28,00,29.2,130.1,935,95,5,Image,Chart,Warning
,,,,,,,,,,,,,
10,SHANSHAN,2024,8,28,03,29.6,130.1,935,95,5,Image,Chart,Warning
,,,,,,,,,,,,,
10,SHANSHAN,2024,8,28,06,30,130.1,935,95,5,Image,Chart,Warning
,,,,,,,,,,,,,
10,SHANSHAN,2024,8,28,09,30.2,130.1,935,95,5,Image,Chart,Warning
,,,,,,,,,,,,,
10,SHANSHAN,2024,8,28,12,30.6,130.2,935,90,5,Image,Chart,Warning
,,,,,,,,,,,,,
10,SHANSHAN,2024,8,28,15,30.8,130,940,85,5,Image,Chart,Warning
,,,,,,,,,,,,,
10,SHANSHAN,2024,8,28,18,31.3,130,945,85,5,Image,Chart,Warning
,,,,,,,,,,,,,
10,SHANSHAN,2024,8,28,21,31.7,130.1,955,75,5,Image,Chart,Warning
,,,,,,,,,,,,,
10,SHANSHAN,2024,8,28,23,31.9,130.3,955,75,5,Image,Chart,Warning
,,,,,,,,,,,,,
10,SHANSHAN,2024,8,29,00,32.2,130.3,960,75,5,Image,Chart,Warning
,,,,,,,,,,,,,
10,SHANSHAN,2024,8,29,03,32.5,130.2,970,65,5,Image,Chart,Warning
,,,,,,,,,,,,,
10,SHANSHAN,2024,8,29,06,32.7,130.2,980,55,4,Image,Chart,Warning
,,,,,,,,,,,,,
10,SHANSHAN,2024,8,29,09,32.8,130.4,985,50,4,Image,Chart,Warning
,,,,,,,,,,,,,
10,SHANSHAN,2024,8,29,12,32.8,130.5,990,45,3,Image,Chart,Warning
,,,,,,,,,,,,,
10,SHANSHAN,2024,8,29,15,32.9,130.6,992,40,3,Image,Chart,Warning
,,,,,,,,,,,,,
10,SHANSHAN,2024,8,29,18,33.1,130.8,992,40,3,Image,Chart,Warning
,,,,,,,,,,,,,
10,SHANSHAN,2024,8,29,21,33.2,131.3,992,40,3,Image,Chart,Warning
,,,,,,,,,,,,,
10,SHANSHAN,2024,8,30,00,33.5,131.6,994,35,3,Image,Chart,Warning
,,,,,,,,,,,,,
10,SHANSHAN,2024,8,30,03,33.7,131.9,994,35,3,Image,Chart,Warning
,,,,,,,,,,,,,
10,SHANSHAN,2024,8,30,06,33.8,132.4,994,35,3,Image,Chart,Warning
,,,,,,,,,,,,,
10,SHANSHAN,2024,8,30,12,34,133.6,996,0,2,Image,Chart,Warning
,,,,,,,,,,,,,
10,SHANSHAN,2024,8,30,18,33.6,134.1,996,0,2,Image,Chart,Warning
,,,,,,,,,,,,,
10,SHANSHAN,2024,8,31,00,33.3,135.1,996,0,2,Image,Chart,Warning
,,,,,,,,,,,,,
10,SHANSHAN,2024,8,31,06,33.1,135.9,996,0,2,Image,Chart,Warning
,,,,,,,,,,,,,
10,SHANSHAN,2024,8,31,12,32.9,137.1,996,0,2,Image,Chart,Warning
,,,,,,,,,,,,,
10,SHANSHAN,2024,8,31,18,33.1,137.1,998,0,2,Image,Chart,Warning
,,,,,,,,,,,,,
10,SHANSHAN,2024,9,1,00,33.2,137,1002,0,2,Image,Chart,Warning
,,,,,,,,,,,,,
10,SHANSHAN,2024,9,1,06,33.9,136.9,1002,0,2,Image,Chart,Warning
,,,,,,,,,,,,,
10,SHANSHAN,2024,9,1,12,35.1,136.3,1006,0,2,Image,Chart,Warning
,,,,,,,,,,,,,
11,YAGI,2024,8,31,12,12.1,128.9,1004,0,2,Image,Chart,Warning
,,,,,,,,,,,,,
11,YAGI,2024,8,31,18,12.1,127.6,1004,0,2,Image,Chart,Warning
,,,,,,,,,,,,,
11,YAGI,2024,9,1,00,12.1,126.4,1002,0,2,Image,Chart,Warning
,,,,,,,,,,,,,
11,YAGI,2024,9,1,06,13.1,125.1,1000,35,3,Image,Chart,Warning
,,,,,,,,,,,,,
11,YAGI,2024,9,1,12,14,124.4,1000,35,3,Image,Chart,Warning
,,,,,,,,,,,,,
11,YAGI,2024,9,1,18,14.5,123.2,996,40,3,Image,Chart,Warning
,,,,,,,,,,,,,
11,YAGI,2024,9,2,00,15.3,122.9,994,45,3,Image,Chart,Warning
,,,,,,,,,,,,,
11,YAGI,2024,9,2,06,16.2,122.2,994,45,3,Image,Chart,Warning
,,,,,,,,,,,,,
11,YAGI,2024,9,2,12,17.3,121.7,996,40,3,Image,Chart,Warning
,,,,,,,,,,,,,
11,YAGI,2024,9,2,18,18.1,121,1000,35,3,Image,Chart,Warning
,,,,,,,,,,,,,
11,YAGI,2024,9,3,00,18.2,119.6,996,40,3,Image,Chart,Warning
,,,,,,,,,,,,,
11,YAGI,2024,9,3,06,18.5,119,992,45,3,Image,Chart,Warning
,,,,,,,,,,,,,
11,YAGI,2024,9,3,12,18.8,118.7,990,50,4,Image,Chart,Warning
,,,,,,,,,,,,,
11,YAGI,2024,9,3,18,18.9,118.3,980,60,4,Image,Chart,Warning
,,,,,,,,,,,,,
11,YAGI,2024,9,4,00,19,117.6,970,70,5,Image,Chart,Warning
,,,,,,,,,,,,,
11,YAGI,2024,9,4,06,19.2,117.4,955,80,5,Image,Chart,Warning
,,,,,,,,,,,,,
11,YAGI,2024,9,4,12,19.2,117,940,90,5,Image,Chart,Warning
,,,,,,,,,,,,,
11,YAGI,2024,9,4,18,19.2,116.2,925,100,5,Image,Chart,Warning
,,,,,,,,,,,,,
11,YAGI,2024,9,5,00,19,115.8,915,105,5,Image,Chart,Warning
,,,,,,,,,,,,,
11,YAGI,2024,9,5,06,19.3,115.1,915,105,5,Image,Chart,Warning
,,,,,,,,,,,,,
11,YAGI,2024,9,5,12,19.3,114.2,915,105,5,Image,Chart,Warning
,,,,,,,,,,,,,
11,YAGI,2024,9,5,18,19.2,113,915,105,5,Image,Chart,Warning
,,,,,,,,,,,,,
11,YAGI,2024,9,6,00,19.2,112.2,915,105,5,Image,Chart,Warning
,,,,,,,,,,,,,
11,YAGI,2024,9,6,06,19.8,111.3,915,105,5,Image,Chart,Warning
,,,,,,,,,,,,,
11,YAGI,2024,9,6,12,20,110.2,930,95,5,Image,Chart,Warning
,,,,,,,,,,,,,
11,YAGI,2024,9,6,18,20.3,109,945,85,5,Image,Chart,Warning
,,,,,,,,,,,,,
11,YAGI,2024,9,7,00,20.5,108.1,940,85,5,Image,Chart,Warning
,,,,,,,,,,,,,
11,YAGI,2024,9,7,06,21,107,935,90,5,Image,Chart,Warning
,,,,,,,,,,,,,
11,YAGI,2024,9,7,12,20.9,106,980,55,4,Image,Chart,Warning
,,,,,,,,,,,,,
11,YAGI,2024,9,7,18,20.8,105.7,992,40,3,Image,Chart,Warning
,,,,,,,,,,,,,
11,YAGI,2024,9,8,00,20.8,105.1,996,35,3,Image,Chart,Warning
,,,,,,,,,,,,,
11,YAGI,2024,9,8,06,21.3,104.9,996,35,3,Image,Chart,Warning
,,,,,,,,,,,,,
11,YAGI,2024,9,8,12,21.5,104.2,998,0,2,Image,Chart,Warning
,,,,,,,,,,,,,
11,YAGI,2024,9,8,18,22.1,103.5,1000,0,2,Image,Chart,Warning
,,,,,,,,,,,,,
11,YAGI,2024,9,9,00,22.4,103,1000,0,2,Image,Chart,Warning
,,,,,,,,,,,,,
11,YAGI,2024,9,9,06,22,101.4,1000,0,2,Image,Chart,Warning
,,,,,,,,,,,,,
11,YAGI,2024,9,9,12,21.7,100.7,1000,0,2,Image,Chart,Warning
,,,,,,,,,,,,,
12,LEEPI,2024,9,1,12,22.2,147.1,1012,0,2,Image,Chart,Warning
,,,,,,,,,,,,,
12,LEEPI,2024,9,1,18,22.6,146.8,1010,0,2,Image,Chart,Warning
,,,,,,,,,,,,,
12,LEEPI,2024,9,2,00,22.9,146.6,1012,0,2,Image,Chart,Warning
,,,,,,,,,,,,,
12,LEEPI,2024,9,2,06,23.6,146.5,1010,0,2,Image,Chart,Warning
,,,,,,,,,,,,,
12,LEEPI,2024,9,2,12,24,146.8,1012,0,2,Image,Chart,Warning
,,,,,,,,,,,,,
12,LEEPI,2024,9,2,18,24.6,147.3,1010,0,2,Image,Chart,Warning
,,,,,,,,,,,,,
12,LEEPI,2024,9,3,00,24.8,147.3,1010,0,2,Image,Chart,Warning
,,,,,,,,,,,,,
12,LEEPI,2024,9,3,06,25,147.1,1008,0,2,Image,Chart,Warning
,,,,,,,,,,,,,
12,LEEPI,2024,9,3,12,25.7,147.6,1008,0,2,Image,Chart,Warning
,,,,,,,,,,,,,
12,LEEPI,2024,9,3,18,26.6,147.1,1006,0,2,Image,Chart,Warning
,,,,,,,,,,,,,
12,LEEPI,2024,9,4,00,27.8,147,1006,0,2,Image,Chart,Warning
,,,,,,,,,,,,,
12,LEEPI,2024,9,4,06,29.2,146.9,1004,0,2,Image,Chart,Warning
,,,,,,,,,,,,,
12,LEEPI,2024,9,4,12,30.2,147.2,1006,0,2,Image,Chart,Warning
,,,,,,,,,,,,,
12,LEEPI,2024,9,4,18,31.3,146.2,1004,0,2,Image,Chart,Warning
,,,,,,,,,,,,,
12,LEEPI,2024,9,5,00,32.2,145.9,1002,35,3,Image,Chart,Warning
,,,,,,,,,,,,,
12,LEEPI,2024,9,5,06,33.2,145.8,1002,35,3,Image,Chart,Warning
,,,,,,,,,,,,,
12,LEEPI,2024,9,5,12,33.9,145.9,1004,35,3,Image,Chart,Warning
,,,,,,,,,,,,,
12,LEEPI,2024,9,5,18,34.9,146.9,1004,35,3,Image,Chart,Warning
,,,,,,,,,,,,,
12,LEEPI,2024,9,6,00,35.8,148.2,1004,35,3,Image,Chart,Warning
,,,,,,,,,,,,,
12,LEEPI,2024,9,6,06,36.9,149.7,1004,35,3,Image,Chart,Warning
,,,,,,,,,,,,,
12,LEEPI,2024,9,6,12,37.8,151.1,1006,0,2,Image,Chart,Warning
,,,,,,,,,,,,,
12,LEEPI,2024,9,6,18,39,153.1,1008,0,2,Image,Chart,Warning
,,,,,,,,,,,,,
12,LEEPI,2024,9,7,00,40.6,155.6,1008,0,6,Image,Chart,Warning
,,,,,,,,,,,,,
12,LEEPI,2024,9,7,06,42.3,157.3,1008,0,6,Image,Chart,Warning
,,,,,,,,,,,,,
12,LEEPI,2024,9,7,12,44.1,160.6,1006,0,6,Image,Chart,Warning
,,,,,,,,,,,,,
12,LEEPI,2024,9,7,18,46.5,165,1006,0,6,Image,Chart,Warning
,,,,,,,,,,,,,
12,LEEPI,2024,9,8,00,47.7,169,1004,0,6,Image,Chart,Warning
,,,,,,,,,,,,,
12,LEEPI,2024,9,8,06,50.4,173.8,1004,0,6,Image,Chart,Warning
,,,,,,,,,,,,,
12,LEEPI,2024,9,8,12,52.5,179.7,1004,0,6,Image,Chart,Warning
,,,,,,,,,,,,,
12,LEEPI,2024,9,8,18,54,187,1004,0,6,Image,Chart,Warning
,,,,,,,,,,,,,
13,BEBINCA,2024,9,9,18,10.1,147.8,1002,0,2,Image,Chart,Warning
,,,,,,,,,,,,,
13,BEBINCA,2024,9,10,00,11.1,147,1002,0,2,Image,Chart,Warning
,,,,,,,,,,,,,
13,BEBINCA,2024,9,10,06,11.9,146.3,1000,0,2,Image,Chart,Warning
,,,,,,,,,,,,,
13,BEBINCA,2024,9,10,12,12.8,145.4,998,35,3,Image,Chart,Warning
,,,,,,,,,,,,,
13,BEBINCA,2024,9,10,18,13.5,144.2,998,35,3,Image,Chart,Warning
,,,,,,,,,,,,,
13,BEBINCA,2024,9,11,00,13.9,143.2,996,40,3,Image,Chart,Warning
,,,,,,,,,,,,,
13,BEBINCA,2024,9,11,06,14.5,142.3,996,40,3,Image,Chart,Warning
,,,,,,,,,,,,,
13,BEBINCA,2024,9,11,12,15.1,141.6,996,40,3,Image,Chart,Warning
,,,,,,,,,,,,,
13,BEBINCA,2024,9,11,18,16.4,140.8,996,40,3,Image,Chart,Warning
,,,,,,,,,,,,,
13,BEBINCA,2024,9,12,00,18,140,992,45,3,Image,Chart,Warning
,,,,,,,,,,,,,
13,BEBINCA,2024,9,12,06,19.2,139.6,992,45,3,Image,Chart,Warning
,,,,,,,,,,,,,
13,BEBINCA,2024,9,12,12,20.4,138.6,992,45,3,Image,Chart,Warning
,,,,,,,,,,,,,
13,BEBINCA,2024,9,12,18,21.1,137.6,992,40,3,Image,Chart,Warning
,,,,,,,,,,,,,
13,BEBINCA,2024,9,13,00,22.1,136.9,994,40,3,Image,Chart,Warning
,,,,,,,,,,,,,
13,BEBINCA,2024,9,13,06,23.4,135.6,990,45,3,Image,Chart,Warning
,,,,,,,,,,,,,
13,BEBINCA,2024,9,13,12,24.7,133.7,990,45,3,Image,Chart,Warning
,,,,,,,,,,,,,
13,BEBINCA,2024,9,13,18,25.3,132.6,985,50,4,Image,Chart,Warning
,,,,,,,,,,,,,
13,BEBINCA,2024,9,14,00,26.4,131.6,985,50,4,Image,Chart,Warning
,,,,,,,,,,,,,
13,BEBINCA,2024,9,14,03,26.9,130.8,980,55,4,Image,Chart,Warning
,,,,,,,,,,,,,
13,BEBINCA,2024,9,14,06,27.4,130.2,980,55,4,Image,Chart,Warning
,,,,,,,,,,,,,
13,BEBINCA,2024,9,14,09,27.8,129.5,980,55,4,Image,Chart,Warning
,,,,,,,,,,,,,
13,BEBINCA,2024,9,14,12,28.1,129.2,975,60,4,Image,Chart,Warning
,,,,,,,,,,,,,
13,BEBINCA,2024,9,14,15,28.5,128.6,975,60,4,Image,Chart,Warning
,,,,,,,,,,,,,
13,BEBINCA,2024,9,14,18,28.9,128,970,65,5,Image,Chart,Warning
,,,,,,,,,,,,,
13,BEBINCA,2024,9,15,00,29.6,127.2,965,75,5,Image,Chart,Warning
,,,,,,,,,,,,,
13,BEBINCA,2024,9,15,06,30.1,126.1,965,75,5,Image,Chart,Warning
,,,,,,,,,,,,,
13,BEBINCA,2024,9,15,12,30.4,124.8,965,75,5,Image,Chart,Warning
,,,,,,,,,,,,,
13,BEBINCA,2024,9,15,18,30.6,123.3,970,70,5,Image,Chart,Warning
,,,,,,,,,,,,,
13,BEBINCA,2024,9,16,00,31,121.8,980,65,5,Image,Chart,Warning
,,,,,,,,,,,,,
13,BEBINCA,2024,9,16,06,31.4,120.5,985,60,4,Image,Chart,Warning
,,,,,,,,,,,,,
13,BEBINCA,2024,9,16,12,31.7,119.3,992,50,4,Image,Chart,Warning
,,,,,,,,,,,,,
13,BEBINCA,2024,9,16,18,31.9,118,1000,35,3,Image,Chart,Warning
,,,,,,,,,,,,,
13,BEBINCA,2024,9,17,00,32.4,117.2,1004,0,2,Image,Chart,Warning
,,,,,,,,,,,,,
13,BEBINCA,2024,9,17,06,32.9,116.4,1004,0,2,Image,Chart,Warning
,,,,,,,,,,,,,
13,BEBINCA,2024,9,17,12,33.1,116.1,1006,0,2,Image,Chart,Warning
,,,,,,,,,,,,,
13,BEBINCA,2024,9,17,18,33.3,115.6,1008,0,2,Image,Chart,Warning
,,,,,,,,,,,,,
13,BEBINCA,2024,9,18,00,33.5,115.3,1008,0,2,Image,Chart,Warning
,,,,,,,,,,,,,
13,BEBINCA,2024,9,18,06,33.8,115.1,1008,0,2,Image,Chart,Warning
,,,,,,,,,,,,,
14,PULASAN,2024,9,15,00,12.1,144.6,1002,0,2,Image,Chart,Warning
,,,,,,,,,,,,,
14,PULASAN,2024,9,15,06,12.3,144.3,1000,0,2,Image,Chart,Warning
,,,,,,,,,,,,,
14,PULASAN,2024,9,15,12,12.8,144.3,1000,35,3,Image,Chart,Warning
,,,,,,,,,,,,,
14,PULASAN,2024,9,15,18,13.9,144.2,998,35,3,Image,Chart,Warning
,,,,,,,,,,,,,
14,PULASAN,2024,9,16,00,15.8,143.7,998,35,3,Image,Chart,Warning
,,,,,,,,,,,,,
14,PULASAN,2024,9,16,06,16.1,142,998,35,3,Image,Chart,Warning
,,,,,,,,,,,,,
14,PULASAN,2024,9,16,12,16.4,140.8,996,40,3,Image,Chart,Warning
,,,,,,,,,,,,,
14,PULASAN,2024,9,16,18,17.7,140.1,996,40,3,Image,Chart,Warning
,,,,,,,,,,,,,
14,PULASAN,2024,9,17,00,20,140.1,992,45,3,Image,Chart,Warning
,,,,,,,,,,,,,
14,PULASAN,2024,9,17,06,21.2,137.4,992,45,3,Image,Chart,Warning
,,,,,,,,,,,,,
14,PULASAN,2024,9,17,12,21.7,134.5,992,45,3,Image,Chart,Warning
,,,,,,,,,,,,,
14,PULASAN,2024,9,17,18,22.6,133.7,992,45,3,Image,Chart,Warning
,,,,,,,,,,,,,
14,PULASAN,2024,9,18,00,23.4,131.9,992,45,3,Image,Chart,Warning
,,,,,,,,,,,,,
14,PULASAN,2024,9,18,06,24.5,130.6,992,45,3,Image,Chart,Warning
,,,,,,,,,,,,,
14,PULASAN,2024,9,18,12,26.1,128.8,996,40,3,Image,Chart,Warning
,,,,,,,,,,,,,
14,PULASAN,2024,9,18,18,27.3,127.2,998,40,3,Image,Chart,Warning
,,,,,,,,,,,,,
14,PULASAN,2024,9,19,00,28.3,125.6,998,40,3,Image,Chart,Warning
,,,,,,,,,,,,,
14,PULASAN,2024,9,19,06,30.1,123.5,998,40,3,Image,Chart,Warning
,,,,,,,,,,,,,
14,PULASAN,2024,9,19,12,30.7,122,1000,35,3,Image,Chart,Warning
,,,,,,,,,,,,,
14,PULASAN,2024,9,19,18,31.3,120.9,1000,35,3,Image,Chart,Warning
,,,,,,,,,,,,,
14,PULASAN,2024,9,20,00,31.8,120.4,1000,35,3,Image,Chart,Warning
,,,,,,,,,,,,,
14,PULASAN,2024,9,20,06,32,120.4,1000,35,3,Image,Chart,Warning
,,,,,,,,,,,,,
14,PULASAN,2024,9,20,12,32.7,121.2,1000,35,3,Image,Chart,Warning
,,,,,,,,,,,,,
14,PULASAN,2024,9,20,18,33.2,122.3,998,40,3,Image,Chart,Warning
,,,,,,,,,,,,,
14,PULASAN,2024,9,21,00,33.6,123.7,998,40,3,Image,Chart,Warning
,,,,,,,,,,,,,
14,PULASAN,2024,9,21,06,33.9,125.3,1000,0,6,Image,Chart,Warning
,,,,,,,,,,,,,
14,PULASAN,2024,9,21,12,34.2,127.7,1002,0,6,Image,Chart,Warning
,,,,,,,,,,,,,
14,PULASAN,2024,9,21,18,36,132.6,1000,0,6,Image,Chart,Warning
,,,,,,,,,,,,,
14,PULASAN,2024,9,22,00,37.4,138,1000,0,6,Image,Chart,Warning
,,,,,,,,,,,,,
14,PULASAN,2024,9,22,06,38.8,143.1,1000,0,6,Image,Chart,Warning
,,,,,,,,,,,,,
14,PULASAN,2024,9,22,12,39,146.5,1000,0,6,Image,Chart,Warning
,,,,,,,,,,,,,
14,PULASAN,2024,9,22,18,39.7,149.7,1000,0,6,Image,Chart,Warning
,,,,,,,,,,,,,
14,PULASAN,2024,9,23,00,40,152.4,1002,0,6,Image,Chart,Warning
,,,,,,,,,,,,,
14,PULASAN,2024,9,23,06,41.2,156.5,1002,0,6,Image,Chart,Warning
,,,,,,,,,,,,,
14,PULASAN,2024,9,23,12,42.6,160.9,1004,0,6,Image,Chart,Warning
,,,,,,,,,,,,,
14,PULASAN,2024,9,23,18,43.6,165.1,1004,0,6,Image,Chart,Warning
,,,,,,,,,,,,,
14,PULASAN,2024,9,24,00,44.5,169.5,1004,0,6,Image,Chart,Warning
,,,,,,,,,,,,,
14,PULASAN,2024,9,24,06,45,172.8,1004,0,6,Image,Chart,Warning
,,,,,,,,,,,,,
14,PULASAN,2024,9,24,12,46.1,177.4,1004,0,6,Image,Chart,Warning
,,,,,,,,,,,,,
14,PULASAN,2024,9,24,18,46.1,182.7,1002,0,6,Image,Chart,Warning
,,,,,,,,,,,,,
15,SOULIK,2024,9,15,00,16.7,126,998,0,2,Image,Chart,Warning
,,,,,,,,,,,,,
15,SOULIK,2024,9,15,06,16.8,126.5,996,0,2,Image,Chart,Warning
,,,,,,,,,,,,,
15,SOULIK,2024,9,15,12,16.9,126,998,0,2,Image,Chart,Warning
,,,,,,,,,,,,,
15,SOULIK,2024,9,15,18,17.3,125.6,996,0,2,Image,Chart,Warning
,,,,,,,,,,,,,
15,SOULIK,2024,9,16,00,17.2,125.1,998,0,2,Image,Chart,Warning
,,,,,,,,,,,,,
15,SOULIK,2024,9,16,06,17.4,124.7,996,0,2,Image,Chart,Warning
,,,,,,,,,,,,,
15,SOULIK,2024,9,16,12,17.5,123.3,996,0,2,Image,Chart,Warning
,,,,,,,,,,,,,
15,SOULIK,2024,9,16,18,17.7,121.9,996,0,2,Image,Chart,Warning
,,,,,,,,,,,,,
15,SOULIK,2024,9,17,00,17.7,119.8,998,0,2,Image,Chart,Warning
,,,,,,,,,,,,,
15,SOULIK,2024,9,17,06,17.2,119.6,996,0,2,Image,Chart,Warning
,,,,,,,,,,,,,
15,SOULIK,2024,9,17,12,17.3,118.6,996,0,2,Image,Chart,Warning
,,,,,,,,,,,,,
15,SOULIK,2024,9,17,18,17.4,117.7,996,0,2,Image,Chart,Warning
,,,,,,,,,,,,,
15,SOULIK,2024,9,18,00,17.5,115.5,996,0,2,Image,Chart,Warning
,,,,,,,,,,,,,
15,SOULIK,2024,9,18,06,17.3,113.4,996,0,2,Image,Chart,Warning
,,,,,,,,,,,,,
15,SOULIK,2024,9,18,12,17.3,111.3,996,0,2,Image,Chart,Warning
,,,,,,,,,,,,,
15,SOULIK,2024,9,18,18,17.5,110,992,35,3,Image,Chart,Warning
,,,,,,,,,,,,,
15,SOULIK,2024,9,19,00,17.5,108.3,992,35,3,Image,Chart,Warning
,,,,,,,,,,,,,
15,SOULIK,2024,9,19,06,17,107.3,992,35,3,Image,Chart,Warning
,,,,,,,,,,,,,
15,SOULIK,2024,9,19,12,16.9,106.9,996,0,2,Image,Chart,Warning
,,,,,,,,,,,,,
15,SOULIK,2024,9,19,18,16.9,106.5,998,0,2,Image,Chart,Warning
,,,,,,,,,,,,,
15,SOULIK,2024,9,20,00,16.7,105.6,998,0,2,Image,Chart,Warning
,,,,,,,,,,,,,
15,SOULIK,2024,9,20,06,17.1,104.6,1000,0,2,Image,Chart,Warning
,,,,,,,,,,,,,
15,SOULIK,2024,9,20,12,17.1,103.9,1002,0,2,Image,Chart,Warning
,,,,,,,,,,,,,
16,CIMARON,2024,9,23,06,29.1,129.3,1008,0,2,Image,Chart,Warning
,,,,,,,,,,,,,
16,CIMARON,2024,9,23,12,28.7,131.3,1006,0,2,Image,Chart,Warning
,,,,,,,,,,,,,
16,CIMARON,2024,9,23,18,28.3,132.8,1004,0,2,Image,Chart,Warning
,,,,,,,,,,,,,
16,CIMARON,2024,9,24,00,27.9,133.6,1002,0,2,Image,Chart,Warning
,,,,,,,,,,,,,
16,CIMARON,2024,9,24,06,27.8,134.2,1000,35,3,Image,Chart,Warning
,,,,,,,,,,,,,
16,CIMARON,2024,9,24,12,27.9,135.1,998,35,3,Image,Chart,Warning
,,,,,,,,,,,,,
16,CIMARON,2024,9,24,18,28,135.4,998,35,3,Image,Chart,Warning
,,,,,,,,,,,,,
16,CIMARON,2024,9,25,00,28.4,134.9,998,35,3,Image,Chart,Warning
,,,,,,,,,,,,,
16,CIMARON,2024,9,25,06,28.2,133.9,998,35,3,Image,Chart,Warning
,,,,,,,,,,,,,
16,CIMARON,2024,9,25,12,27.8,133.3,998,35,3,Image,Chart,Warning
,,,,,,,,,,,,,
16,CIMARON,2024,9,25,18,28,132.9,998,35,3,Image,Chart,Warning
,,,,,,,,,,,,,
16,CIMARON,2024,9,26,00,28.2,132.4,998,35,3,Image,Chart,Warning
,,,,,,,,,,,,,
16,CIMARON,2024,9,26,06,28,132,1002,0,2,Image,Chart,Warning
,,,,,,,,,,,,,
16,CIMARON,2024,9,26,12,28.1,131.9,1004,0,2,Image,Chart,Warning
,,,,,,,,,,,,,
16,CIMARON,2024,9,26,18,28.5,132.2,1004,0,2,Image,Chart,Warning
,,,,,,,,,,,,,
16,CIMARON,2024,9,27,00,28.6,132.2,1004,0,2,Image,Chart,Warning
,,,,,,,,,,,,,
16,CIMARON,2024,9,27,06,28.8,132.7,1004,0,2,Image,Chart,Warning
,,,,,,,,,,,,,
16,CIMARON,2024,9,27,12,29.5,133.4,1006,0,2,Image,Chart,Warning
,,,,,,,,,,,,,
16,CIMARON,2024,9,27,18,31,133.5,1008,0,6,Image,Chart,Warning
,,,,,,,,,,,,,
16,CIMARON,2024,9,28,00,32.1,136,1010,0,6,Image,Chart,Warning
,,,,,,,,,,,,,
16,CIMARON,2024,9,28,06,32.7,137.2,1010,0,6,Image,Chart,Warning
,,,,,,,,,,,,,
16,CIMARON,2024,9,28,12,32.6,139.6,1012,0,6,Image,Chart,Warning
,,,,,,,,,,,,,
16,CIMARON,2024,9,28,18,32.6,140.7,1014,0,6,Image,Chart,Warning
,,,,,,,,,,,,,
16,CIMARON,2024,9,29,00,32.7,141.6,1016,0,6,Image,Chart,Warning
,,,,,,,,,,,,,
16,CIMARON,2024,9,29,06,32.7,141.5,1012,0,6,Image,Chart,Warning
,,,,,,,,,,,,,
16,CIMARON,2024,9,29,12,32.7,140.7,1014,0,6,Image,Chart,Warning
,,,,,,,,,,,,,
16,CIMARON,2024,9,29,18,32.6,140.4,1014,0,6,Image,Chart,Warning
,,,,,,,,,,,,,
16,CIMARON,2024,9,30,00,32.6,139.7,1012,0,6,Image,Chart,Warning
,,,,,,,,,,,,,
16,CIMARON,2024,9,30,06,32.3,138.5,1010,0,6,Image,Chart,Warning
,,,,,,,,,,,,,
17,JEBI,2024,9,25,18,14.8,148.9,1006,0,2,Image,Chart,Warning
,,,,,,,,,,,,,
17,JEBI,2024,9,26,00,15.4,148,1006,0,2,Image,Chart,Warning
,,,,,,,,,,,,,
17,JEBI,2024,9,26,06,16,147.5,1004,0,2,Image,Chart,Warning
,,,,,,,,,,,,,
17,JEBI,2024,9,26,12,16.4,147,1004,0,2,Image,Chart,Warning
,,,,,,,,,,,,,
17,JEBI,2024,9,26,18,16.8,146.6,1004,0,2,Image,Chart,Warning
,,,,,,,,,,,,,
17,JEBI,2024,9,27,00,17.2,146.1,1002,35,3,Image,Chart,Warning
,,,,,,,,,,,,,
17,JEBI,2024,9,27,06,17.7,145.8,1002,35,3,Image,Chart,Warning
,,,,,,,,,,,,,
17,JEBI,2024,9,27,12,18.7,145.3,1002,35,3,Image,Chart,Warning
,,,,,,,,,,,,,
17,JEBI,2024,9,27,18,19.4,144.6,1002,35,3,Image,Chart,Warning
,,,,,,,,,,,,,
17,JEBI,2024,9,28,00,20.1,143.3,1002,35,3,Image,Chart,Warning
,,,,,,,,,,,,,
17,JEBI,2024,9,28,06,20.7,142.8,1002,35,3,Image,Chart,Warning
,,,,,,,,,,,,,
17,JEBI,2024,9,28,12,21.7,142.8,1002,35,3,Image,Chart,Warning
,,,,,,,,,,,,,
17,JEBI,2024,9,28,18,22.2,142,1002,35,3,Image,Chart,Warning
,,,,,,,,,,,,,
17,JEBI,2024,9,29,00,23,141.9,1002,35,3,Image,Chart,Warning
,,,,,,,,,,,,,
17,JEBI,2024,9,29,06,23.8,141.2,1002,35,3,Image,Chart,Warning
,,,,,,,,,,,,,
17,JEBI,2024,9,29,12,24.4,140.8,1002,35,3,Image,Chart,Warning
,,,,,,,,,,,,,
17,JEBI,2024,9,29,18,24.9,140.7,1002,35,3,Image,Chart,Warning
,,,,,,,,,,,,,
17,JEBI,2024,9,30,00,26.2,140.6,1000,40,3,Image,Chart,Warning
,,,,,,,,,,,,,
17,JEBI,2024,9,30,06,27.9,140.8,994,45,3,Image,Chart,Warning
,,,,,,,,,,,,,
17,JEBI,2024,9,30,12,29.3,140.9,992,50,4,Image,Chart,Warning
,,,,,,,,,,,,,
17,JEBI,2024,9,30,18,30.8,141.1,990,55,4,Image,Chart,Warning
,,,,,,,,,,,,,
17,JEBI,2024,10,1,00,32.6,141.7,980,65,5,Image,Chart,Warning
,,,,,,,,,,,,,
17,JEBI,2024,10,1,06,34.8,142.3,980,65,5,Image,Chart,Warning
,,,,,,,,,,,,,
17,JEBI,2024,10,1,12,37.2,143.4,980,65,5,Image,Chart,Warning
,,,,,,,,,,,,,
17,JEBI,2024,10,1,18,39.2,145.6,980,65,5,Image,Chart,Warning
,,,,,,,,,,,,,
17,JEBI,2024,10,2,00,41.9,148.8,985,60,4,Image,Chart,Warning
,,,,,,,,,,,,,
17,JEBI,2024,10,2,06,45.1,153.3,990,50,4,Image,Chart,Warning
,,,,,,,,,,,,,
17,JEBI,2024,10,2,12,49,157,992,0,6,Image,Chart,Warning
,,,,,,,,,,,,,
17,JEBI,2024,10,2,18,51.7,162.2,994,0,6,Image,Chart,Warning
,,,,,,,,,,,,,
18,KRATHON,2024,9,26,12,21.7,127.5,1006,0,2,Image,Chart,Warning
,,,,,,,,,,,,,
18,KRATHON,2024,9,26,18,21.3,127,1004,0,2,Image,Chart,Warning
,,,,,,,,,,,,,
18,KRATHON,2024,9,27,00,20.7,126.6,1004,0,2,Image,Chart,Warning
,,,,,,,,,,,,,
18,KRATHON,2024,9,27,06,20,126.3,1002,0,2,Image,Chart,Warning
,,,,,,,,,,,,,
18,KRATHON,2024,9,27,12,19.4,126,1002,0,2,Image,Chart,Warning
,,,,,,,,,,,,,
18,KRATHON,2024,9,27,18,18.9,125.6,1000,0,2,Image,Chart,Warning
,,,,,,,,,,,,,
18,KRATHON,2024,9,28,00,18.5,125.3,998,35,3,Image,Chart,Warning
,,,,,,,,,,,,,
18,KRATHON,2024,9,28,06,18.3,125.1,996,40,3,Image,Chart,Warning
,,,,,,,,,,,,,
18,KRATHON,2024,9,28,12,18.3,124.8,990,50,4,Image,Chart,Warning
,,,,,,,,,,,,,
18,KRATHON,2024,9,28,18,18.4,124.5,985,55,4,Image,Chart,Warning
,,,,,,,,,,,,,
18,KRATHON,2024,9,29,00,18.7,124.3,980,60,4,Image,Chart,Warning
,,,,,,,,,,,,,
18,KRATHON,2024,9,29,06,19.3,123.8,970,70,5,Image,Chart,Warning
,,,,,,,,,,,,,
18,KRATHON,2024,9,29,12,19.8,122.8,965,75,5,Image,Chart,Warning
,,,,,,,,,,,,,
18,KRATHON,2024,9,29,18,19.9,122.4,950,85,5,Image,Chart,Warning
,,,,,,,,,,,,,
18,KRATHON,2024,9,30,00,20.1,122,935,95,5,Image,Chart,Warning
,,,,,,,,,,,,,
18,KRATHON,2024,9,30,06,20.5,121.2,935,95,5,Image,Chart,Warning
,,,,,,,,,,,,,
18,KRATHON,2024,9,30,12,20.5,120.4,935,95,5,Image,Chart,Warning
,,,,,,,,,,,,,
18,KRATHON,2024,9,30,18,20.6,120,935,100,5,Image,Chart,Warning
,,,,,,,,,,,,,
18,KRATHON,2024,10,1,00,20.6,119.6,920,105,5,Image,Chart,Warning
,,,,,,,,,,,,,
18,KRATHON,2024,10,1,06,20.9,119.5,920,105,5,Image,Chart,Warning
,,,,,,,,,,,,,
18,KRATHON,2024,10,1,12,21.2,119.3,925,100,5,Image,Chart,Warning
,,,,,,,,,,,,,
18,KRATHON,2024,10,1,18,21.4,119.2,935,95,5,Image,Chart,Warning
,,,,,,,,,,,,,
18,KRATHON,2024,10,2,00,21.6,119.3,940,90,5,Image,Chart,Warning
,,,,,,,,,,,,,
18,KRATHON,2024,10,2,06,21.9,119.4,950,85,5,Image,Chart,Warning
,,,,,,,,,,,,,
18,KRATHON,2024,10,2,12,22,119.5,955,80,5,Image,Chart,Warning
,,,,,,,,,,,,,
18,KRATHON,2024,10,2,18,22.2,119.7,975,65,5,Image,Chart,Warning
,,,,,,,,,,,,,
18,KRATHON,2024,10,3,00,22.4,120,985,55,4,Image,Chart,Warning
,,,,,,,,,,,,,
18,KRATHON,2024,10,3,06,22.6,120.4,985,50,4,Image,Chart,Warning
,,,,,,,,,,,,,
18,KRATHON,2024,10,3,12,22.8,120.6,1004,0,2,Image,Chart,Warning
,,,,,,,,,,,,,
19,BARIJAT,2024,10,4,18,11.6,148.2,1006,0,2,Image,Chart,Warning
,,,,,,,,,,,,,
19,BARIJAT,2024,10,5,00,12.2,147.6,1006,0,2,Image,Chart,Warning
,,,,,,,,,,,,,
19,BARIJAT,2024,10,5,06,13.2,147.1,1004,0,2,Image,Chart,Warning
,,,,,,,,,,,,,
19,BARIJAT,2024,10,5,12,14.6,146.7,1006,0,2,Image,Chart,Warning
,,,,,,,,,,,,,
19,BARIJAT,2024,10,5,18,15.8,146.6,1006,0,2,Image,Chart,Warning
,,,,,,,,,,,,,
19,BARIJAT,2024,10,6,00,16.6,145.6,1008,0,2,Image,Chart,Warning
,,,,,,,,,,,,,
19,BARIJAT,2024,10,6,06,17.8,145.2,1004,35,3,Image,Chart,Warning
,,,,,,,,,,,,,
19,BARIJAT,2024,10,6,12,18.5,145.4,1004,35,3,Image,Chart,Warning
,,,,,,,,,,,,,
19,BARIJAT,2024,10,6,18,19.4,145.7,1004,35,3,Image,Chart,Warning
,,,,,,,,,,,,,
19,BARIJAT,2024,10,7,00,20.9,146,1004,35,3,Image,Chart,Warning
,,,,,,,,,,,,,
19,BARIJAT,2024,10,7,06,21.8,146.6,1004,35,3,Image,Chart,Warning
,,,,,,,,,,,,,
19,BARIJAT,2024,10,7,12,23,147.1,1004,35,3,Image,Chart,Warning
,,,,,,,,,,,,,
19,BARIJAT,2024,10,7,18,23.4,147.2,1002,35,3,Image,Chart,Warning
,,,,,,,,,,,,,
19,BARIJAT,2024,10,8,00,23.9,147,1002,35,3,Image,Chart,Warning
,,,,,,,,,,,,,
19,BARIJAT,2024,10,8,06,24,147,1000,35,3,Image,Chart,Warning
,,,,,,,,,,,,,
19,BARIJAT,2024,10,8,12,24,147.4,1000,35,3,Image,Chart,Warning
,,,,,,,,,,,,,
19,BARIJAT,2024,10,8,18,24.6,148.2,1000,35,3,Image,Chart,Warning
,,,,,,,,,,,,,
19,BARIJAT,2024,10,9,00,25.9,149,1000,35,3,Image,Chart,Warning
,,,,,,,,,,,,,
19,BARIJAT,2024,10,9,06,27.6,149.4,998,35,3,Image,Chart,Warning
,,,,,,,,,,,,,
19,BARIJAT,2024,10,9,12,29.7,149.2,998,35,3,Image,Chart,Warning
,,,,,,,,,,,,,
19,BARIJAT,2024,10,9,18,31.5,149.3,996,35,3,Image,Chart,Warning
,,,,,,,,,,,,,
19,BARIJAT,2024,10,10,00,32.7,150.1,996,40,3,Image,Chart,Warning
,,,,,,,,,,,,,
19,BARIJAT,2024,10,10,06,34.7,150.9,994,40,3,Image,Chart,Warning
,,,,,,,,,,,,,
19,BARIJAT,2024,10,10,12,36.5,152.7,990,40,3,Image,Chart,Warning
,,,,,,,,,,,,,
19,BARIJAT,2024,10,10,18,39.2,154.2,985,45,3,Image,Chart,Warning
,,,,,,,,,,,,,
19,BARIJAT,2024,10,11,00,42,154,982,0,6,Image,Chart,Warning
,,,,,,,,,,,,,
19,BARIJAT,2024,10,11,06,44.6,154,980,0,6,Image,Chart,Warning
,,,,,,,,,,,,,
19,BARIJAT,2024,10,11,12,46.3,153.3,976,0,6,Image,Chart,Warning
,,,,,,,,,,,,,
19,BARIJAT,2024,10,11,18,47.5,153.4,978,0,6,Image,Chart,Warning
,,,,,,,,,,,,,
19,BARIJAT,2024,10,12,00,48.6,154.4,984,0,6,Image,Chart,Warning
,,,,,,,,,,,,,
19,BARIJAT,2024,10,12,06,48.9,155.6,988,0,6,Image,Chart,Warning
,,,,,,,,,,,,,
19,BARIJAT,2024,10,12,12,49.2,158.1,992,0,6,Image,Chart,Warning
,,,,,,,,,,,,,
19,BARIJAT,2024,10,12,18,49.9,160.9,996,0,6,Image,Chart,Warning
,,,,,,,,,,,,,
19,BARIJAT,2024,10,13,00,50.6,162.9,998,0,6,Image,Chart,Warning
,,,,,,,,,,,,,
19,BARIJAT,2024,10,13,06,51.7,164.2,1000,0,6,Image,Chart,Warning
,,,,,,,,,,,,,
19,BARIJAT,2024,10,13,12,52.9,163,1000,0,6,Image,Chart,Warning
,,,,,,,,,,,,,
19,BARIJAT,2024,10,13,18,53.1,160.9,998,0,6,Image,Chart,Warning
,,,,,,,,,,,,,
19,BARIJAT,2024,10,14,00,53.1,161.8,996,0,6,Image,Chart,Warning
,,,,,,,,,,,,,
19,BARIJAT,2024,10,14,06,52.5,163.3,996,0,6,Image,Chart,Warning
,,,,,,,,,,,,,
19,BARIJAT,2024,10,14,12,51.1,165.1,1000,0,6,Image,Chart,Warning
,,,,,,,,,,,,,
19,BARIJAT,2024,10,14,18,49.6,168.7,1000,0,6,Image,Chart,Warning
,,,,,,,,,,,,,
19,BARIJAT,2024,10,15,00,48.2,172.2,1000,0,6,Image,Chart,Warning
,,,,,,,,,,,,,
19,BARIJAT,2024,10,15,06,48.2,177.4,1000,0,6,Image,Chart,Warning
,,,,,,,,,,,,,
19,BARIJAT,2024,10,15,12,48.6,180.4,1000,0,6,Image,Chart,Warning
,,,,,,,,,,,,,
20,TRAMI,2024,10,18,12,13.2,141,1008,0,2,Image,Chart,Warning
,,,,,,,,,,,,,
20,TRAMI,2024,10,18,18,13.5,139.9,1006,0,2,Image,Chart,Warning
,,,,,,,,,,,,,
20,TRAMI,2024,10,19,00,13.7,139.3,1008,0,2,Image,Chart,Warning
,,,,,,,,,,,,,
20,TRAMI,2024,10,19,06,13.8,138.9,1004,0,2,Image,Chart,Warning
,,,,,,,,,,,,,
20,TRAMI,2024,10,19,12,14.2,138.2,1006,0,2,Image,Chart,Warning
,,,,,,,,,,,,,
20,TRAMI,2024,10,19,18,14.2,138.1,1004,0,2,Image,Chart,Warning
,,,,,,,,,,,,,
20,TRAMI,2024,10,20,00,14.2,137.5,1004,0,2,Image,Chart,Warning
,,,,,,,,,,,,,
20,TRAMI,2024,10,20,06,14.1,136.8,1002,0,2,Image,Chart,Warning
,,,,,,,,,,,,,
20,TRAMI,2024,10,20,12,14,135.3,1002,0,2,Image,Chart,Warning
,,,,,,,,,,,,,
20,TRAMI,2024,10,20,18,13.8,134,1000,0,2,Image,Chart,Warning
,,,,,,,,,,,,,
20,TRAMI,2024,10,21,00,14.1,132.3,1000,0,2,Image,Chart,Warning
,,,,,,,,,,,,,
20,TRAMI,2024,10,21,06,13.7,130.6,998,0,2,Image,Chart,Warning
,,,,,,,,,,,,,
20,TRAMI,2024,10,21,12,13.1,129.1,998,0,2,Image,Chart,Warning
,,,,,,,,,,,,,
20,TRAMI,2024,10,21,18,13.2,128.3,994,35,3,Image,Chart,Warning
,,,,,,,,,,,,,
20,TRAMI,2024,10,22,00,13.8,127.5,994,35,3,Image,Chart,Warning
,,,,,,,,,,,,,
20,TRAMI,2024,10,22,06,14,126.6,990,45,3,Image,Chart,Warning
,,,,,,,,,,,,,
20,TRAMI,2024,10,22,12,14.5,126,990,45,3,Image,Chart,Warning
,,,,,,,,,,,,,
20,TRAMI,2024,10,22,18,15.2,125.6,990,45,3,Image,Chart,Warning
,,,,,,,,,,,,,
20,TRAMI,2024,10,23,00,15.6,124.4,985,50,4,Image,Chart,Warning
,,,,,,,,,,,,,
20,TRAMI,2024,10,23,06,16.4,123.5,985,50,4,Image,Chart,Warning
,,,,,,,,,,,,,
20,TRAMI,2024,10,23,12,16.9,123,985,50,4,Image,Chart,Warning
,,,,,,,,,,,,,
20,TRAMI,2024,10,23,18,17.2,122.2,985,50,4,Image,Chart,Warning
,,,,,,,,,,,,,
20,TRAMI,2024,10,24,00,16.9,121.2,985,50,4,Image,Chart,Warning
,,,,,,,,,,,,,
20,TRAMI,2024,10,24,06,17.4,120.1,985,50,4,Image,Chart,Warning
,,,,,,,,,,,,,
20,TRAMI,2024,10,24,12,17.2,119.8,985,50,4,Image,Chart,Warning
,,,,,,,,,,,,,
20,TRAMI,2024,10,24,18,17.2,119.5,985,50,4,Image,Chart,Warning
,,,,,,,,,,,,,
20,TRAMI,2024,10,25,00,17.1,118.4,985,50,4,Image,Chart,Warning
,,,,,,,,,,,,,
20,TRAMI,2024,10,25,06,17.8,117,985,50,4,Image,Chart,Warning
,,,,,,,,,,,,,
20,TRAMI,2024,10,25,12,17.3,116.2,985,50,4,Image,Chart,Warning
,,,,,,,,,,,,,
20,TRAMI,2024,10,25,18,17.1,114.9,985,50,4,Image,Chart,Warning
,,,,,,,,,,,,,
20,TRAMI,2024,10,26,00,17.1,113.2,975,55,4,Image,Chart,Warning
,,,,,,,,,,,,,
20,TRAMI,2024,10,26,06,17.1,111.9,970,60,4,Image,Chart,Warning
,,,,,,,,,,,,,
20,TRAMI,2024,10,26,12,17,110.7,975,55,4,Image,Chart,Warning
,,,,,,,,,,,,,
20,TRAMI,2024,10,26,18,17,109.3,980,50,4,Image,Chart,Warning
,,,,,,,,,,,,,
20,TRAMI,2024,10,27,00,16.8,108.6,985,45,3,Image,Chart,Warning
,,,,,,,,,,,,,
20,TRAMI,2024,10,27,06,15.7,107.6,992,40,3,Image,Chart,Warning
,,,,,,,,,,,,,
20,TRAMI,2024,10,27,12,15.3,107.5,998,35,3,Image,Chart,Warning
,,,,,,,,,,,,,
20,TRAMI,2024,10,27,18,15.4,107.8,1002,0,2,Image,Chart,Warning
,,,,,,,,,,,,,
20,TRAMI,2024,10,28,00,15.6,108,1004,0,2,Image,Chart,Warning
,,,,,,,,,,,,,
20,TRAMI,2024,10,28,06,15.7,108.2,1002,0,2,Image,Chart,Warning
,,,,,,,,,,,,,
20,TRAMI,2024,10,28,12,16.2,108.4,1004,0,2,Image,Chart,Warning
,,,,,,,,,,,,,
20,TRAMI,2024,10,28,18,16.6,108.7,1004,0,2,Image,Chart,Warning
,,,,,,,,,,,,,
20,TRAMI,2024,10,29,00,16.7,109,1004,0,2,Image,Chart,Warning
,,,,,,,,,,,,,
20,TRAMI,2024,10,29,06,16.8,109.3,1004,0,2,Image,Chart,Warning
,,,,,,,,,,,,,
20,TRAMI,2024,10,29,12,16.9,109.5,1004,0,2,Image,Chart,Warning
,,,,,,,,,,,,,
21,KONG-REY,2024,10,24,00,12.7,150.1,1002,0,2,Image,Chart,Warning
,,,,,,,,,,,,,
21,KONG-REY,2024,10,24,06,13,148.3,1000,0,2,Image,Chart,Warning
,,,,,,,,,,,,,
21,KONG-REY,2024,10,24,12,13.5,147.1,1000,0,2,Image,Chart,Warning
,,,,,,,,,,,,,
21,KONG-REY,2024,10,24,18,13.5,145.7,998,35,3,Image,Chart,Warning
,,,,,,,,,,,,,
21,KONG-REY,2024,10,25,00,14.4,144.5,998,35,3,Image,Chart,Warning
,,,,,,,,,,,,,
21,KONG-REY,2024,10,25,06,14.9,142.6,998,35,3,Image,Chart,Warning
,,,,,,,,,,,,,
21,KONG-REY,2024,10,25,12,15.3,141,998,35,3,Image,Chart,Warning
,,,,,,,,,,,,,
21,KONG-REY,2024,10,25,18,16.4,139.7,996,35,3,Image,Chart,Warning
,,,,,,,,,,,,,
21,KONG-REY,2024,10,26,00,16.3,137.2,996,35,3,Image,Chart,Warning
,,,,,,,,,,,,,
21,KONG-REY,2024,10,26,06,16.6,135.3,994,35,3,Image,Chart,Warning
,,,,,,,,,,,,,
21,KONG-REY,2024,10,26,12,16.2,134.6,994,35,3,Image,Chart,Warning
,,,,,,,,,,,,,
21,KONG-REY,2024,10,26,18,16,133.3,994,40,3,Image,Chart,Warning
,,,,,,,,,,,,,
21,KONG-REY,2024,10,27,00,16,132.6,994,40,3,Image,Chart,Warning
,,,,,,,,,,,,,
21,KONG-REY,2024,10,27,06,16.1,131.8,990,45,3,Image,Chart,Warning
,,,,,,,,,,,,,
21,KONG-REY,2024,10,27,12,16.1,131.1,985,50,4,Image,Chart,Warning
,,,,,,,,,,,,,
21,KONG-REY,2024,10,27,18,16.5,130.3,985,50,4,Image,Chart,Warning
,,,,,,,,,,,,,
21,KONG-REY,2024,10,28,00,16.8,129.6,980,55,4,Image,Chart,Warning
,,,,,,,,,,,,,
21,KONG-REY,2024,10,28,06,16.6,128.9,975,60,4,Image,Chart,Warning
,,,,,,,,,,,,,
21,KONG-REY,2024,10,28,12,16.6,128.4,975,60,4,Image,Chart,Warning
,,,,,,,,,,,,,
21,KONG-REY,2024,10,28,18,17.2,128,970,65,5,Image,Chart,Warning
,,,,,,,,,,,,,
21,KONG-REY,2024,10,29,00,17.5,127.3,960,75,5,Image,Chart,Warning
,,,,,,,,,,,,,
21,KONG-REY,2024,10,29,06,17.9,126.7,950,80,5,Image,Chart,Warning
,,,,,,,,,,,,,
21,KONG-REY,2024,10,29,12,18.6,126.1,945,85,5,Image,Chart,Warning
,,,,,,,,,,,,,
21,KONG-REY,2024,10,29,18,18.9,125.4,935,90,5,Image,Chart,Warning
,,,,,,,,,,,,,
21,KONG-REY,2024,10,30,00,19.1,124.8,925,100,5,Image,Chart,Warning
,,,,,,,,,,,,,
21,KONG-REY,2024,10,30,06,19.8,124.3,935,95,5,Image,Chart,Warning
,,,,,,,,,,,,,
21,KONG-REY,2024,10,30,12,20.4,123.6,940,90,5,Image,Chart,Warning
,,,,,,,,,,,,,
21,KONG-REY,2024,10,30,18,21,122.8,940,90,5,Image,Chart,Warning
,,,,,,,,,,,,,
21,KONG-REY,2024,10,30,21,21.6,122.5,940,90,5,Image,Chart,Warning
,,,,,,,,,,,,,
21,KONG-REY,2024,10,31,00,21.9,122.1,950,85,5,Image,Chart,Warning
,,,,,,,,,,,,,
21,KONG-REY,2024,10,31,03,22.4,121.7,950,85,5,Image,Chart,Warning
,,,,,,,,,,,,,
21,KONG-REY,2024,10,31,06,23.2,121.3,960,75,5,Image,Chart,Warning
,,,,,,,,,,,,,
21,KONG-REY,2024,10,31,12,24.1,120.2,980,55,4,Image,Chart,Warning
,,,,,,,,,,,,,
21,KONG-REY,2024,10,31,18,25,120.2,990,45,3,Image,Chart,Warning
,,,,,,,,,,,,,
21,KONG-REY,2024,11,1,00,26.4,120.6,994,40,3,Image,Chart,Warning
,,,,,,,,,,,,,
21,KONG-REY,2024,11,1,06,28.3,121.6,996,40,3,Image,Chart,Warning
,,,,,,,,,,,,,
21,KONG-REY,2024,11,1,12,30.1,123.4,998,0,6,Image,Chart,Warning
,,,,,,,,,,,,,
21,KONG-REY,2024,11,1,18,31.1,125.4,1000,0,6,Image,Chart,Warning
,,,,,,,,,,,,,
21,KONG-REY,2024,11,2,00,31,128,1004,0,6,Image,Chart,Warning
,,,,,,,,,,,,,
22,YINXING,2024,11,2,18,8.2,140,1006,0,2,Image,Chart,Warning
,,,,,,,,,,,,,
22,YINXING,2024,11,3,00,8.9,139,1006,0,2,Image,Chart,Warning
,,,,,,,,,,,,,
22,YINXING,2024,11,3,06,9.9,138.1,1004,0,2,Image,Chart,Warning
,,,,,,,,,,,,,
22,YINXING,2024,11,3,12,11,136.1,1002,35,3,Image,Chart,Warning
,,,,,,,,,,,,,
22,YINXING,2024,11,3,18,11.4,134.5,998,40,3,Image,Chart,Warning
,,,,,,,,,,,,,
22,YINXING,2024,11,4,00,12.1,132.8,998,40,3,Image,Chart,Warning
,,,,,,,,,,,,,
22,YINXING,2024,11,4,06,12.9,131.4,996,45,3,Image,Chart,Warning
,,,,,,,,,,,,,
22,YINXING,2024,11,4,12,14.1,130.3,992,55,4,Image,Chart,Warning
,,,,,,,,,,,,,
22,YINXING,2024,11,4,18,15.3,128.9,985,65,5,Image,Chart,Warning
,,,,,,,,,,,,,
22,YINXING,2024,11,5,00,16.1,127.6,975,75,5,Image,Chart,Warning
,,,,,,,,,,,,,
22,YINXING,2024,11,5,06,17.1,126.4,975,75,5,Image,Chart,Warning
,,,,,,,,,,,,,
22,YINXING,2024,11,5,12,17.3,125.6,970,80,5,Image,Chart,Warning
,,,,,,,,,,,,,
22,YINXING,2024,11,5,18,17.8,125,970,80,5,Image,Chart,Warning
,,,,,,,,,,,,,
22,YINXING,2024,11,6,00,18.1,124.8,970,80,5,Image,Chart,Warning
,,,,,,,,,,,,,
22,YINXING,2024,11,6,06,18.1,124.4,965,85,5,Image,Chart,Warning
,,,,,,,,,,,,,
22,YINXING,2024,11,6,12,18.2,124.1,960,90,5,Image,Chart,Warning
,,,,,,,,,,,,,
22,YINXING,2024,11,6,18,18.3,123.6,950,95,5,Image,Chart,Warning
,,,,,,,,,,,,,
22,YINXING,2024,11,7,00,18.6,123.1,950,95,5,Image,Chart,Warning
,,,,,,,,,,,,,
22,YINXING,2024,11,7,06,18.5,122.4,945,100,5,Image,Chart,Warning
,,,,,,,,,,,,,
22,YINXING,2024,11,7,12,18.7,121.5,965,85,5,Image,Chart,Warning
,,,,,,,,,,,,,
22,YINXING,2024,11,7,18,18.6,120.5,970,80,5,Image,Chart,Warning
,,,,,,,,,,,,,
22,YINXING,2024,11,8,00,18.3,119.4,980,70,5,Image,Chart,Warning
,,,,,,,,,,,,,
22,YINXING,2024,11,8,06,18.4,118.1,980,70,5,Image,Chart,Warning
,,,,,,,,,,,,,
22,YINXING,2024,11,8,12,18.4,116.9,975,75,5,Image,Chart,Warning
,,,,,,,,,,,,,
22,YINXING,2024,11,8,18,18.6,115.9,970,80,5,Image,Chart,Warning
,,,,,,,,,,,,,
22,YINXING,2024,11,9,00,18.9,114.9,965,85,5,Image,Chart,Warning
,,,,,,,,,,,,,
22,YINXING,2024,11,9,06,19,114.1,965,85,5,Image,Chart,Warning
,,,,,,,,,,,,,
22,YINXING,2024,11,9,12,19.1,113.6,965,85,5,Image,Chart,Warning
,,,,,,,,,,,,,
22,YINXING,2024,11,9,18,19.2,113.3,965,85,5,Image,Chart,Warning
,,,,,,,,,,,,,
22,YINXING,2024,11,10,00,19,113.2,975,75,5,Image,Chart,Warning
,,,,,,,,,,,,,
22,YINXING,2024,11,10,06,19,113,980,70,5,Image,Chart,Warning
,,,,,,,,,,,,,
22,YINXING,2024,11,10,12,18.6,112.7,990,60,4,Image,Chart,Warning
,,,,,,,,,,,,,
22,YINXING,2024,11,10,18,17.9,112.3,994,50,4,Image,Chart,Warning
,,,,,,,,,,,,,
22,YINXING,2024,11,11,00,17.3,111.5,994,50,4,Image,Chart,Warning
,,,,,,,,,,,,,
22,YINXING,2024,11,11,06,16.4,111,994,50,4,Image,Chart,Warning
,,,,,,,,,,,,,
22,YINXING,2024,11,11,12,15.7,110.6,998,40,3,Image,Chart,Warning
,,,,,,,,,,,,,
22,YINXING,2024,11,11,18,14.9,110,1000,35,3,Image,Chart,Warning
,,,,,,,,,,,,,
22,YINXING,2024,11,12,00,14.3,109.7,1002,35,3,Image,Chart,Warning
,,,,,,,,,,,,,
22,YINXING,2024,11,12,06,14.1,109.4,1004,0,2,Image,Chart,Warning
,,,,,,,,,,,,,
22,YINXING,2024,11,12,12,14,108.7,1008,0,2,Image,Chart,Warning
,,,,,,,,,,,,,
23,TORAJI,2024,11,8,06,14.5,137.6,1006,0,2,Image,Chart,Warning
,,,,,,,,,,,,,
23,TORAJI,2024,11,8,12,14.5,136,1008,0,2,Image,Chart,Warning
,,,,,,,,,,,,,
23,TORAJI,2024,11,8,18,14.5,134.7,1008,0,2,Image,Chart,Warning
,,,,,,,,,,,,,
23,TORAJI,2024,11,9,00,14.5,133.3,1006,0,2,Image,Chart,Warning
,,,,,,,,,,,,,
23,TORAJI,2024,11,9,06,14.6,131.6,1002,35,3,Image,Chart,Warning
,,,,,,,,,,,,,
23,TORAJI,2024,11,9,12,14.7,130.3,1000,40,3,Image,Chart,Warning
,,,,,,,,,,,,,
23,TORAJI,2024,11,9,18,15.1,128.3,998,45,3,Image,Chart,Warning
,,,,,,,,,,,,,
23,TORAJI,2024,11,10,00,15.1,126.9,996,50,4,Image,Chart,Warning
,,,,,,,,,,,,,
23,TORAJI,2024,11,10,06,15.2,125.4,990,60,4,Image,Chart,Warning
,,,,,,,,,,,,,
23,TORAJI,2024,11,10,12,15.5,124.3,985,65,5,Image,Chart,Warning
,,,,,,,,,,,,,
23,TORAJI,2024,11,10,18,15.9,123.2,980,70,5,Image,Chart,Warning
,,,,,,,,,,,,,
23,TORAJI,2024,11,11,00,16.3,122.3,980,70,5,Image,Chart,Warning
,,,,,,,,,,,,,
23,TORAJI,2024,11,11,06,17.1,121.1,990,55,4,Image,Chart,Warning
,,,,,,,,,,,,,
23,TORAJI,2024,11,11,12,17.4,119.7,992,50,4,Image,Chart,Warning
,,,,,,,,,,,,,
23,TORAJI,2024,11,11,18,18.2,119.1,992,50,4,Image,Chart,Warning
,,,,,,,,,,,,,
23,TORAJI,2024,11,12,00,18.6,118.7,992,50,4,Image,Chart,Warning
,,,,,,,,,,,,,
23,TORAJI,2024,11,12,06,19.1,118.2,994,45,3,Image,Chart,Warning
,,,,,,,,,,,,,
23,TORAJI,2024,11,12,12,19.5,117.8,994,45,3,Image,Chart,Warning
,,,,,,,,,,,,,
23,TORAJI,2024,11,12,18,19.9,117.1,994,45,3,Image,Chart,Warning
,,,,,,,,,,,,,
23,TORAJI,2024,11,13,00,20.2,116.3,996,40,3,Image,Chart,Warning
,,,,,,,,,,,,,
23,TORAJI,2024,11,13,06,20.7,115.5,996,40,3,Image,Chart,Warning
,,,,,,,,,,,,,
23,TORAJI,2024,11,13,12,21,114.9,998,40,3,Image,Chart,Warning
,,,,,,,,,,,,,
23,TORAJI,2024,11,13,18,21.1,114.5,998,40,3,Image,Chart,Warning
,,,,,,,,,,,,,
23,TORAJI,2024,11,14,00,21.1,114.1,1000,35,3,Image,Chart,Warning
,,,,,,,,,,,,,
23,TORAJI,2024,11,14,06,21.2,113.9,1000,35,3,Image,Chart,Warning
,,,,,,,,,,,,,
23,TORAJI,2024,11,14,12,21.2,113.6,1004,0,2,Image,Chart,Warning
,,,,,,,,,,,,,
23,TORAJI,2024,11,14,18,21.1,113.1,1006,0,2,Image,Chart,Warning
,,,,,,,,,,,,,
23,TORAJI,2024,11,15,00,20.9,113,1008,0,2,Image,Chart,Warning
,,,,,,,,,,,,,
23,TORAJI,2024,11,15,06,20.6,113.2,1008,0,2,Image,Chart,Warning
,,,,,,,,,,,,,
23,TORAJI,2024,11,15,12,20.3,113.7,1008,0,2,Image,Chart,Warning
,,,,,,,,,,,,,
24,MAN-YI,2024,11,7,18,10.3,168.5,1008,0,2,Image,Chart,Warning
,,,,,,,,,,,,,
24,MAN-YI,2024,11,8,00,11,166.4,1008,0,2,Image,Chart,Warning
,,,,,,,,,,,,,
24,MAN-YI,2024,11,8,06,11.7,165.1,1006,0,2,Image,Chart,Warning
,,,,,,,,,,,,,
24,MAN-YI,2024,11,8,12,11.9,163.6,1008,0,2,Image,Chart,Warning
,,,,,,,,,,,,,
24,MAN-YI,2024,11,8,18,12.2,161.9,1004,35,3,Image,Chart,Warning
,,,,,,,,,,,,,
24,MAN-YI,2024,11,9,00,13.5,160.4,1004,35,3,Image,Chart,Warning
,,,,,,,,,,,,,
24,MAN-YI,2024,11,9,06,14.5,159.3,1004,35,3,Image,Chart,Warning
,,,,,,,,,,,,,
24,MAN-YI,2024,11,9,12,15,158.7,1002,40,3,Image,Chart,Warning
,,,,,,,,,,,,,
24,MAN-YI,2024,11,9,18,15.7,157.7,1000,45,3,Image,Chart,Warning
,,,,,,,,,,,,,
24,MAN-YI,2024,11,10,00,15.8,156.3,1000,45,3,Image,Chart,Warning
,,,,,,,,,,,,,
24,MAN-YI,2024,11,10,06,15.6,155.7,1000,45,3,Image,Chart,Warning
,,,,,,,,,,,,,
24,MAN-YI,2024,11,10,12,15.6,155.3,1000,45,3,Image,Chart,Warning
,,,,,,,,,,,,,
24,MAN-YI,2024,11,10,18,15.3,154.7,1000,45,3,Image,Chart,Warning
,,,,,,,,,,,,,
24,MAN-YI,2024,11,11,00,14.8,153.2,1000,45,3,Image,Chart,Warning
,,,,,,,,,,,,,
24,MAN-YI,2024,11,11,06,14.3,152.6,1000,45,3,Image,Chart,Warning
,,,,,,,,,,,,,
24,MAN-YI,2024,11,11,12,14.1,152.1,1000,45,3,Image,Chart,Warning
,,,,,,,,,,,,,
24,MAN-YI,2024,11,11,18,13.6,151.1,1000,45,3,Image,Chart,Warning
,,,,,,,,,,,,,
24,MAN-YI,2024,11,12,00,13.8,149.3,1000,45,3,Image,Chart,Warning
,,,,,,,,,,,,,
24,MAN-YI,2024,11,12,06,14.2,147.5,1002,40,3,Image,Chart,Warning
,,,,,,,,,,,,,
24,MAN-YI,2024,11,12,12,13.6,146.3,1002,40,3,Image,Chart,Warning
,,,,,,,,,,,,,
24,MAN-YI,2024,11,12,18,12.9,145,1002,40,3,Image,Chart,Warning
,,,,,,,,,,,,,
24,MAN-YI,2024,11,13,00,12.2,144.3,1002,40,3,Image,Chart,Warning
,,,,,,,,,,,,,
24,MAN-YI,2024,11,13,06,12,143.6,1002,40,3,Image,Chart,Warning
,,,,,,,,,,,,,
24,MAN-YI,2024,11,13,12,12.4,141.3,1002,40,3,Image,Chart,Warning
,,,,,,,,,,,,,
24,MAN-YI,2024,11,13,18,11.1,139.7,998,45,3,Image,Chart,Warning
,,,,,,,,,,,,,
24,MAN-YI,2024,11,14,00,10.6,138,992,55,4,Image,Chart,Warning
,,,,,,,,,,,,,
24,MAN-YI,2024,11,14,06,10.2,137.1,992,55,4,Image,Chart,Warning
,,,,,,,,,,,,,
24,MAN-YI,2024,11,14,12,10.5,135.4,992,55,4,Image,Chart,Warning
,,,,,,,,,,,,,
24,MAN-YI,2024,11,14,18,10.4,133.5,985,60,4,Image,Chart,Warning
,,,,,,,,,,,,,
24,MAN-YI,2024,11,15,00,10.5,131.9,975,70,5,Image,Chart,Warning
,,,,,,,,,,,,,
24,MAN-YI,2024,11,15,06,10.9,130.4,960,80,5,Image,Chart,Warning
,,,,,,,,,,,,,
24,MAN-YI,2024,11,15,12,11.4,129,955,85,5,Image,Chart,Warning
,,,,,,,,,,,,,
24,MAN-YI,2024,11,15,18,12,127.8,940,95,5,Image,Chart,Warning
,,,,,,,,,,,,,
24,MAN-YI,2024,11,16,00,12.6,126.7,920,105,5,Image,Chart,Warning
,,,,,,,,,,,,,
24,MAN-YI,2024,11,16,06,13.3,125.6,920,105,5,Image,Chart,Warning
,,,,,,,,,,,,,
24,MAN-YI,2024,11,16,12,13.9,124.6,920,105,5,Image,Chart,Warning
,,,,,,,,,,,,,
24,MAN-YI,2024,11,16,18,14.3,123.8,935,100,5,Image,Chart,Warning
,,,,,,,,,,,,,
24,MAN-YI,2024,11,17,00,15,122.9,935,100,5,Image,Chart,Warning
,,,,,,,,,,,,,
24,MAN-YI,2024,11,17,06,15.8,121.9,935,100,5,Image,Chart,Warning
,,,,,,,,,,,,,
24,MAN-YI,2024,11,17,12,16.5,120.7,955,85,5,Image,Chart,Warning
,,,,,,,,,,,,,
24,MAN-YI,2024,11,17,18,17.6,119.4,975,70,5,Image,Chart,Warning
,,,,,,,,,,,,,
24,MAN-YI,2024,11,18,00,18.1,118.4,980,65,5,Image,Chart,Warning
,,,,,,,,,,,,,
24,MAN-YI,2024,11,18,06,18.5,117.3,980,65,5,Image,Chart,Warning
,,,,,,,,,,,,,
24,MAN-YI,2024,11,18,12,18.9,116,985,60,4,Image,Chart,Warning
,,,,,,,,,,,,,
24,MAN-YI,2024,11,18,18,19,115.4,992,50,4,Image,Chart,Warning
,,,,,,,,,,,,,
24,MAN-YI,2024,11,19,00,19,114.7,998,45,3,Image,Chart,Warning
,,,,,,,,,,,,,
24,MAN-YI,2024,11,19,06,18.7,113.3,1004,35,3,Image,Chart,Warning
,,,,,,,,,,,,,
24,MAN-YI,2024,11,19,12,18.1,112,1010,0,2,Image,Chart,Warning
,,,,,,,,,,,,,
24,MAN-YI,2024,11,19,18,17.5,111.4,1012,0,2,Image,Chart,Warning
,,,,,,,,,,,,,
24,MAN-YI,2024,11,20,00,16.5,110.6,1012,0,2,Image,Chart,Warning
,,,,,,,,,,,,,
25,USAGI,2024,11,9,00,6.7,151.4,1008,0,2,Image,Chart,Warning
,,,,,,,,,,,,,
25,USAGI,2024,11,9,06,7.3,150.3,1006,0,2,Image,Chart,Warning
,,,,,,,,,,,,,
25,USAGI,2024,11,9,12,7.9,149.1,1006,0,2,Image,Chart,Warning
,,,,,,,,,,,,,
25,USAGI,2024,11,9,18,8,147.9,1006,0,2,Image,Chart,Warning
,,,,,,,,,,,,,
25,USAGI,2024,11,10,00,9.5,146.3,1006,0,2,Image,Chart,Warning
,,,,,,,,,,,,,
25,USAGI,2024,11,10,06,10.3,144.3,1006,0,2,Image,Chart,Warning
,,,,,,,,,,,,,
25,USAGI,2024,11,10,12,10.9,142.5,1006,0,2,Image,Chart,Warning
,,,,,,,,,,,,,
25,USAGI,2024,11,10,18,11.3,140.8,1004,0,2,Image,Chart,Warning
,,,,,,,,,,,,,
25,USAGI,2024,11,11,00,11.7,139.9,1004,0,2,Image,Chart,Warning
,,,,,,,,,,,,,
25,USAGI,2024,11,11,06,12.2,138.5,1004,0,2,Image,Chart,Warning
,,,,,,,,,,,,,
25,USAGI,2024,11,11,12,12.4,136.7,1004,0,2,Image,Chart,Warning
,,,,,,,,,,,,,
25,USAGI,2024,11,11,18,12.6,135,1002,35,3,Image,Chart,Warning
,,,,,,,,,,,,,
25,USAGI,2024,11,12,00,13.4,133.5,996,45,3,Image,Chart,Warning
,,,,,,,,,,,,,
25,USAGI,2024,11,12,06,14,131.9,992,50,4,Image,Chart,Warning
,,,,,,,,,,,,,
25,USAGI,2024,11,12,12,14.2,130.5,990,55,4,Image,Chart,Warning
,,,,,,,,,,,,,
25,USAGI,2024,11,12,18,14.6,129,990,55,4,Image,Chart,Warning
,,,,,,,,,,,,,
25,USAGI,2024,11,13,00,15,127.9,980,65,5,Image,Chart,Warning
,,,,,,,,,,,,,
25,USAGI,2024,11,13,06,15.7,126.4,970,75,5,Image,Chart,Warning
,,,,,,,,,,,,,
25,USAGI,2024,11,13,12,16.2,125.3,960,80,5,Image,Chart,Warning
,,,,,,,,,,,,,
25,USAGI,2024,11,13,18,16.6,124,950,90,5,Image,Chart,Warning
,,,,,,,,,,,,,
25,USAGI,2024,11,14,00,17.2,123.1,940,95,5,Image,Chart,Warning
,,,,,,,,,,,,,
25,USAGI,2024,11,14,06,17.8,122.2,955,85,5,Image,Chart,Warning
,,,,,,,,,,,,,
25,USAGI,2024,11,14,12,18.7,121.5,980,65,5,Image,Chart,Warning
,,,,,,,,,,,,,
25,USAGI,2024,11,14,18,19.3,120.9,985,60,4,Image,Chart,Warning
,,,,,,,,,,,,,
25,USAGI,2024,11,15,00,20,120.3,990,55,4,Image,Chart,Warning
,,,,,,,,,,,,,
25,USAGI,2024,11,15,06,20.9,120.1,992,50,4,Image,Chart,Warning
,,,,,,,,,,,,,
25,USAGI,2024,11,15,12,21.4,120.1,994,45,3,Image,Chart,Warning
,,,,,,,,,,,,,
25,USAGI,2024,11,15,18,21.9,120.2,998,40,3,Image,Chart,Warning
,,,,,,,,,,,,,
25,USAGI,2024,11,16,00,22.3,120.4,1006,0,2,Image,Chart,Warning
,,,,,,,,,,,,,
25,USAGI,2024,11,16,06,22.4,120.5,1006,0,2,Image,Chart,Warning
,,,,,,,,,,,,,
25,USAGI,2024,11,16,12,22.2,120.5,1008,0,2,Image,Chart,Warning
,,,,,,,,,,,,,
26,PABUK,2024,12,21,18,10.1,115.3,1004,0,2,Image,Chart,Warning
,,,,,,,,,,,,,
26,PABUK,2024,12,22,00,10.3,114.8,1006,0,2,Image,Chart,Warning
,,,,,,,,,,,,,
26,PABUK,2024,12,22,06,10.5,114.2,1002,35,3,Image,Chart,Warning
,,,,,,,,,,,,,
26,PABUK,2024,12,22,12,10.6,113.7,1002,35,3,Image,Chart,Warning
,,,,,,,,,,,,,
26,PABUK,2024,12,22,18,10.6,113.3,1002,35,3,Image,Chart,Warning
,,,,,,,,,,,,,
26,PABUK,2024,12,23,00,11.2,112.9,1002,35,3,Image,Chart,Warning
,,,,,,,,,,,,,
26,PABUK,2024,12,23,06,11.2,112.6,1002,35,3,Image,Chart,Warning
,,,,,,,,,,,,,
26,PABUK,2024,12,23,12,11.5,112.6,1002,35,3,Image,Chart,Warning
,,,,,,,,,,,,,
26,PABUK,2024,12,23,18,11.6,112.4,1002,35,3,Image,Chart,Warning
,,,,,,,,,,,,,
26,PABUK,2024,12,24,00,11.5,112.2,1002,35,3,Image,Chart,Warning
,,,,,,,,,,,,,
26,PABUK,2024,12,24,06,11.5,112.1,1002,35,3,Image,Chart,Warning
,,,,,,,,,,,,,
26,PABUK,2024,12,24,12,11.4,111.9,1002,35,3,Image,Chart,Warning
,,,,,,,,,,,,,
26,PABUK,2024,12,24,18,11.1,111.3,1006,0,2,Image,Chart,Warning
,,,,,,,,,,,,,
26,PABUK,2024,12,25,00,10.6,110.7,1006,0,2,Image,Chart,Warning
,,,,,,,,,,,,,
26,PABUK,2024,12,25,06,9.7,110.3,1006,0,2,Image,Chart,Warning
,,,,,,,,,,,,,
26,PABUK,2024,12,25,12,9.4,110.2,1008,0,2,Image,Chart,Warning
